"","day","temp","dewp","visib","Num_collision"
"1",7,41.2,28,9.8,0.478571428571429
"2",1,37.7,22.9,10,0.55
"3",2,44.4,29.4,10,0.521428571428571
"4",3,38.2,27.4,10,0.671428571428571
"5",4,27.7,18.1,7.9,0.614285714285714
"6",5,33.5,19.3,10,0.728571428571429
"7",6,40.5,29.9,10,0.714285714285714
"8",7,41.3,33.1,9.9,0.742857142857143
"9",1,45.9,38.6,10,0.771428571428571
"10",2,51.3,49,4.9,0.45
"11",3,43.2,30.5,8.4,0.857142857142857
"12",4,33,19.1,10,0.971428571428571
"13",5,32.9,18.2,9.6,0.892857142857143
"14",6,28.9,14.7,8.1,0.914285714285714
"16",1,45.7,42.5,7.3,0.707142857142857
"17",2,40.2,32.3,9.2,0.564285714285714
"18",3,34.4,24.9,8.8,0.457142857142857
"19",4,25.5,4.8,10,0.857142857142857
"20",5,29.4,11.2,10,0.857142857142857
"21",6,30.9,10.8,10,0.992857142857143
"22",7,28,11.8,10,0.992857142857143
"23",1,34.6,25.4,6.1,0.392857142857143
"25",3,33.5,21.2,10,0.778571428571429
"26",4,42.2,36.4,9.1,0.864285714285714
"27",5,43,36.7,7.5,0.85
"28",6,35,24.4,10,0.842857142857143
"29",7,41.3,36.8,10,0.828571428571429
"30",1,37.8,27.3,10,0.864285714285714
"31",2,45,39,8.6,0.528571428571429
"32",3,47.6,43.1,6.9,0.807142857142857
"33",4,43.2,32.2,10,0.985714285714286
"34",5,42.6,37.8,9.5,0.778571428571429
"35",6,51.6,49.4,3.1,0.814285714285714
"36",7,40.8,38.4,3.5,0.878571428571429
"37",1,32.3,23.3,9.9,0.828571428571429
"38",2,38.7,30.1,10,0.5
"39",3,36.4,31.4,3.8,0.692857142857143
"40",4,33.1,27.8,8.1,0.764285714285714
"41",5,33.5,28,9.1,0.8
"42",6,31.5,21.3,9.5,0.95
"44",1,23.5,11.8,7.4,0.678571428571429
"45",2,5.8,-6.7,8.5,0.557142857142857
"46",3,18.6,7,9.3,0.371428571428571
"47",4,44.5,41.7,4.8,0.792857142857143
"48",5,41.5,35.8,6.2,0.957142857142857
"49",6,36,23.1,10,0.828571428571429
"50",7,34.7,21.7,10,1
"51",1,42.8,36.4,8.8,0.821428571428571
"52",2,46.8,38.5,8.4,0.721428571428571
"53",3,41.8,31.7,10,0.764285714285714
"56",6,51,47.1,4.2,0.878571428571429
"57",7,40.2,23.9,9.5,0.778571428571429
"58",1,30.7,11.4,10,0.428571428571429
"59",2,42.8,31.7,10,0.671428571428571
"60",3,47.8,40.9,7.2,0.664285714285714
"61",4,43.2,29,9.3,0.892857142857143
"62",5,45.7,38.8,6.8,0.885714285714286
"63",6,29.9,11.8,10,0.885714285714286
"64",7,33.9,26.2,6.9,1
"65",1,34.8,22.6,9.1,0.842857142857143
"66",2,33.2,18.7,10,0.607142857142857
"67",3,36.8,26.1,9.9,0.742857142857143
"68",4,44.4,36.5,8.8,0.835714285714286
"69",5,46.4,41.8,8,0.785714285714286
"70",6,49.6,43.8,7.6,0.807142857142857
"71",7,46.8,42.9,7.6,0.9
"72",1,41.2,35.4,8.8,0.907142857142857
"73",2,50.1,35.2,10,0.635714285714286
"74",3,43.8,33.8,9.5,0.65
"75",4,48.3,45.7,3.4,0.685714285714286
"76",5,45.2,41.9,7.7,0.657142857142857
"77",6,45.4,42.5,5.9,0.628571428571429
"78",7,47,37,9.9,0.671428571428571
"79",1,40,21.4,10,0.628571428571429
"80",2,37.2,22.6,10,0.421428571428571
"81",3,37.4,32,7.3,0.571428571428571
"82",4,40.8,23.9,10,0.671428571428571
"83",5,48.6,40.2,8.5,0.685714285714286
"84",6,45.1,38.1,9.6,0.635714285714286
"85",7,50.8,48.5,2.7,0.514285714285714
"86",1,44.8,37.6,9.3,0.628571428571429
"87",2,40,32.8,9.8,0.378571428571429
"88",3,45.1,41.4,5.9,0.621428571428571
"89",4,48.6,34.9,9.7,0.678571428571429
"90",5,43.4,24.8,10,0.757142857142857
"91",6,51,44.6,8.7,0.771428571428571
"92",4,35.1,23.5,9.8,0.835714285714286
"93",5,37,15.3,10,0.721428571428571
"94",6,50.9,44.8,7.6,0.685714285714286
"95",7,49.7,43.2,7.3,0.707142857142857
"96",1,41.8,25.1,10,0.664285714285714
"97",2,40.6,23.9,10,0.514285714285714
"98",3,47.8,38.9,9.9,0.635714285714286
"99",4,52.5,48.6,6.4,0.592857142857143
"100",5,46.7,34.2,9.8,0.778571428571429
"101",6,44,32.4,10,0.735714285714286
"102",7,46.4,28.4,10,0.978571428571429
"103",1,44.3,33.2,10,0.792857142857143
"104",2,45.8,36.5,10,0.585714285714286
"105",3,49.5,35.9,10,0.721428571428571
"106",4,46.9,40,9.8,0.842857142857143
"107",5,47.3,33.8,10,0.75
"108",6,49.6,39,10,0.878571428571429
"110",1,53.4,49.8,5.6,0.728571428571429
"111",2,49.1,31.2,10,0.45
"112",3,48.4,36.3,10,0.528571428571429
"113",4,46.8,42.8,9,0.635714285714286
"114",5,45,36.9,10,0.664285714285714
"115",6,47.7,34.1,10,0.728571428571429
"116",7,46.1,33.9,10,0.757142857142857
"117",1,47.3,33.1,10,0.828571428571429
"118",7,54.8,52.5,2.2,0.928571428571429
"119",1,50.4,47.7,5,0.735714285714286
"120",2,41.7,32.9,8.3,0.692857142857143
"121",3,36.5,22.1,8.2,0.75
"122",2,45.2,36.3,9.7,0.614285714285714
"123",3,51.3,48,4.9,0.985714285714286
"124",4,48.2,45,8.2,0.892857142857143
"125",5,47.3,43.5,7.9,0.8
"126",6,45.5,43.9,5.9,0.828571428571429
"127",7,48.5,43.5,9.4,0.835714285714286
"128",1,52.5,48.8,5.1,0.628571428571429
"129",2,48.5,46.1,2.9,0.592857142857143
"130",3,54,40.6,10,0.735714285714286
"131",4,51.9,38.2,10,0.728571428571429
"132",5,55.6,42.2,10,0.928571428571429
"135",1,59.4,54,6.9,0.8
"136",2,55.7,46.4,8.9,0.75
"137",3,50.8,31.4,10,0.95
"138",4,55,44.5,10,0.971428571428571
"139",5,55.5,45.2,10,1
"140",6,53.9,44.5,10,0.978571428571429
"142",1,55.7,48.8,9.7,0.714285714285714
"143",2,56.3,52.2,9,0.578571428571429
"144",3,59.4,50.3,10,0.671428571428571
"145",4,54.6,52,4.4,0.728571428571429
"146",5,57.9,53.4,7.7,0.75
"147",6,65.7,53.9,9.7,0.878571428571429
"148",7,60,55.8,6.5,0.942857142857143
"149",1,62.5,57.3,9.2,0.55
"150",2,64.6,58.2,10,0.5
"151",3,62.4,60.5,2,0.392857142857143
"152",4,62.8,60.6,4.9,0.792857142857143
"153",5,64,56.4,7.6,0.735714285714286
"154",6,55.7,53.5,6.8,0.685714285714286
"155",7,58.4,55.9,7.8,0.828571428571429
"156",1,60.2,58,4.2,0.692857142857143
"157",2,58.4,56.9,3.4,0.442857142857143
"158",3,62.9,61.1,3.9,0.728571428571429
"159",4,61.2,59.8,3.8,0.735714285714286
"160",5,61.7,55.2,8.4,0.921428571428571
"161",6,59.9,46.7,10,0.821428571428571
"162",7,59.2,45.1,10,0.835714285714286
"163",1,58.1,53.3,9.8,0.621428571428571
"164",2,66,56,7.3,0.585714285714286
"165",3,61.5,47.2,10,0.757142857142857
"166",4,62.2,50,10,0.707142857142857
"167",5,63.7,55,10,0.885714285714286
"168",6,65.2,56.3,10,0.85
"169",7,63,51.5,10,0.728571428571429
"170",1,62.6,53.5,10,0.778571428571429
"171",2,59.9,51.5,10,0.464285714285714
"172",3,61.4,55.9,10,0.807142857142857
"173",4,63.6,59.9,7.4,0.735714285714286
"174",5,65.6,60.2,7.2,0.8
"175",6,63,59.4,8.3,0.678571428571429
"176",7,65.3,56.6,8.8,0.857142857142857
"177",1,62.1,52.1,10,0.742857142857143
"178",2,60.8,49.4,10,0.578571428571429
"179",3,64.3,58.3,10,0.821428571428571
"180",4,66.1,64,7.5,0.75
"181",5,67.2,64.8,7.2,0.892857142857143
"182",6,68.9,63.6,5.9,0.942857142857143
"183",7,66.9,63.6,7.8,0.864285714285714
"184",1,69.4,62.8,7.2,0.392857142857143
"185",2,67.2,58,10,0.485714285714286
"186",3,68.4,62.6,9.9,0.464285714285714
"187",4,67.1,65.3,6.2,0.621428571428571
"188",5,71.8,65.3,8.6,0.714285714285714
"189",6,68.7,66.7,4.1,0.685714285714286
"190",7,65.7,64.2,3.2,0.692857142857143
"191",1,61.7,58.6,6.5,0.55
"192",2,63,60.1,6.8,0.521428571428571
"193",3,63.1,58.4,9.9,0.607142857142857
"194",4,66.7,61.2,10,0.771428571428571
"195",5,67.2,63.3,10,0.764285714285714
"196",6,69.1,65.9,9.3,0.828571428571429
"198",1,73.5,67.3,7,0.585714285714286
"199",2,70.6,68.7,4.1,0.471428571428571
"200",3,71.1,69,4.1,0.728571428571429
"201",4,73.8,65.7,8.3,0.8
"202",5,68.3,55.6,10,0.764285714285714
"204",7,72.4,68.4,9,0.835714285714286
"205",1,74.3,68.6,7.3,0.65
"206",2,73.2,63.2,10,0.585714285714286
"207",3,71.5,68.8,9.9,0.757142857142857
"208",4,75.3,69.3,9,0.835714285714286
"209",5,75.4,66.3,10,0.885714285714286
"210",6,72.2,69,9.7,0.9
"211",7,70.8,68.3,6,0.785714285714286
"212",1,70.8,66.9,9,0.678571428571429
"213",2,67.5,64.8,6.7,0.528571428571429
"214",3,68.2,62.4,9.3,0.542857142857143
"215",4,66.9,61.9,9.7,0.628571428571429
"216",5,67.4,60,10,0.792857142857143
"217",6,64.2,57.8,10,0.857142857142857
"218",7,65.3,60.4,9.3,0.685714285714286
"219",1,71.3,67.5,9.8,0.492857142857143
"220",2,74.2,65,8.1,0.485714285714286
"221",3,71.3,61.3,10,0.571428571428571
"222",4,71.5,64.7,10,0.6
"223",5,70.6,67.2,9.9,0.692857142857143
"224",6,73.6,71.8,4.7,0.642857142857143
"225",7,74.3,72.2,4.5,0.85
"226",1,75.9,73.3,5.4,0.607142857142857
"227",2,75.3,73.3,4.6,0.557142857142857
"228",3,77.5,69.4,8.8,0.585714285714286
"229",4,73.1,69,10,0.735714285714286
"230",5,76.5,70,8.4,0.821428571428571
"231",6,71.5,65.7,9.9,0.628571428571429
"232",7,74.4,65.7,10,0.842857142857143
"233",1,69.1,62.1,10,0.692857142857143
"234",2,68.3,63.6,9.6,0.642857142857143
"235",3,73.8,66.7,6.7,0.628571428571429
"236",4,69,52.6,10,0.7
"237",5,70.1,63.3,10,0.571428571428571
"238",6,71.7,66.5,10,0.714285714285714
"239",7,73.4,70,9.7,0.778571428571429
"240",1,74.4,64.2,7.7,0.642857142857143
"241",2,67.7,61.7,8.7,0.535714285714286
"242",3,72.5,66.3,9.8,0.635714285714286
"243",4,67.7,59.2,10,0.514285714285714
"244",5,70.4,65.7,10,0.65
"245",6,71.5,67,9.7,0.635714285714286
"246",7,69.2,63.2,9.4,0.692857142857143
"247",1,63.2,57.5,10,0.585714285714286
"249",3,64,59.8,7,0.378571428571429
"250",4,69.9,65.8,7.9,0.678571428571429
"251",5,70.3,66.8,8.4,0.678571428571429
"252",6,68.5,66.8,6.3,0.685714285714286
"253",7,71.4,68.3,5.9,0.857142857142857
"254",1,71.9,67,6.7,0.735714285714286
"255",2,71.3,67.8,6.4,0.528571428571429
"256",3,65.1,52.1,10,0.678571428571429
"257",4,64.1,55.9,10,0.764285714285714
"258",5,68.4,61.8,10,0.9
"259",6,64.5,53.4,10,0.75
"260",7,57.7,47.7,10,0.814285714285714
"261",1,62.6,57.6,9.7,0.664285714285714
"262",2,70.6,67.3,9.3,0.542857142857143
"263",3,71,68.8,7.6,0.642857142857143
"264",4,71.1,69.3,8.7,0.607142857142857
"265",5,70,64.4,5.3,0.65
"266",6,67.2,57.8,10,0.714285714285714
"267",7,66.3,62.1,9.5,0.742857142857143
"268",1,60.7,49.5,10,0.578571428571429
"269",2,57.6,39.4,10,0.535714285714286
"270",3,55.2,41.1,10,0.614285714285714
"271",4,65.4,59.8,7.1,0.592857142857143
"272",5,63.1,60.7,5.7,0.535714285714286
"273",6,60,54.9,9.3,0.621428571428571
"274",7,60.1,54.5,7.8,0.914285714285714
"275",1,62,60.2,1.7,0.65
"276",2,61.3,59.2,4.4,0.492857142857143
"277",3,60.5,56.1,9.9,0.442857142857143
"278",4,60.5,54.2,9.7,0.578571428571429
"279",5,58.7,53.2,10,0.692857142857143
"280",6,57.3,50.9,10,0.714285714285714
"281",7,55.6,49.7,6.9,0.807142857142857
"282",1,58.7,55.5,8.5,0.778571428571429
"283",2,62.2,59.7,6.4,0.464285714285714
"284",3,54.1,43.8,8,0.521428571428571
"285",4,54.3,42.2,10,0.75
"286",5,52.8,46.7,10,0.385714285714286
"287",6,59.6,56.6,9.9,0.678571428571429
"288",7,55.9,45.7,10,0.75
"289",1,50.5,38.8,10,0.764285714285714
"290",2,55.2,47.6,10,0.571428571428571
"291",3,64.5,59,8.4,0.585714285714286
"292",4,63.8,61.6,4.6,0.542857142857143
"293",5,65.6,62.5,6.4,0.742857142857143
"294",6,60.4,54.3,9.1,0.728571428571429
"295",7,64.6,62.1,6,0.735714285714286
"296",1,61.3,58.9,3.5,0.871428571428571
"297",2,53.7,35.4,10,0.5
"298",3,57.5,41.6,9.9,0.664285714285714
"299",4,49.1,29.5,10,0.621428571428571
"300",5,44.7,28.1,10,0.664285714285714
"301",6,46.5,36.4,9.8,0.971428571428571
"302",7,51.8,46.3,7.7,0.771428571428571
"303",1,51,44.8,8.8,0.6
"304",2,61.1,52.4,9.3,0.528571428571429
"305",3,48.3,41.9,8.2,0.764285714285714
"306",4,46.2,37.1,10,0.785714285714286
"307",5,55.9,49.9,10,0.635714285714286
"308",6,58.8,56.2,5.1,0.878571428571429
"309",7,53.6,44.3,10,0.892857142857143
"310",1,47.8,33.6,10,0.707142857142857
"311",2,49.9,42.3,9,0.442857142857143
"312",3,47.4,36.7,9.6,0.592857142857143
"313",4,47.2,38.2,10,0.65
"314",5,51.6,46.1,8.8,0.6
"315",6,49.4,40.5,10,0.814285714285714
"316",7,54.9,41,10,0.778571428571429
"317",1,42.1,25.4,10,0.671428571428571
"318",2,51.3,36.2,10,0.55
"319",3,54.4,44.6,9.6,0.714285714285714
"320",4,54.8,50.1,8.6,0.878571428571429
"321",5,54.4,49.5,8,0.728571428571429
"322",6,48.6,43,9.6,0.878571428571429
"323",7,50.9,44.1,10,0.8
"324",1,50.1,47.2,6.6,0.692857142857143
"325",2,47,42.3,5.5,0.564285714285714
"326",3,38.8,23.3,10,0.671428571428571
"327",4,37.7,21.4,10,0.778571428571429
"328",5,37.1,23.3,10,0.771428571428571
"329",6,42.2,34.3,10,0.371428571428571
"330",7,48.6,43.1,10,0.392857142857143
"331",1,47,45,6.8,0.514285714285714
"332",2,43.4,34.6,10,0.521428571428571
"333",3,39.5,26.7,10,0.478571428571429
"334",4,43.8,38.5,8.5,0.757142857142857
"335",5,52.9,51.3,4.1,0.821428571428571
"336",1,36.2,31.3,5.9,0.514285714285714
"337",2,49.8,48,2.5,0.45
"338",3,35.3,22.9,9.9,0.742857142857143
"339",4,34.8,25.3,10,0.621428571428571
"340",5,38.8,29,10,0.535714285714286
"341",6,38.9,32.3,10,0.671428571428571
"342",7,39,28.8,10,0.55
"343",1,44.1,39.3,8.2,0.364285714285714
"346",4,49.8,46.9,4.4,0.514285714285714
"347",5,39.1,26.8,10,0.535714285714286
"348",6,37.3,29.4,8.6,0.621428571428571
"349",7,40.4,29.9,9.5,0.5
"350",1,35.8,21.1,10,0.385714285714286
"351",6,53.4,49.7,6.6,0.742857142857143
"352",7,46.4,32.8,10,0.75
"353",1,43.8,28.3,10,0.678571428571429
"354",2,38.2,24.3,10,0.528571428571429
"355",3,37.9,30.9,9.5,0.75
"356",4,41.7,31.3,10,0.692857142857143
"357",5,42.8,37.1,8.8,0.714285714285714
"358",6,42.7,35.1,9.8,0.792857142857143
"359",7,36.6,19.2,10,0.771428571428571
"360",1,28.2,9.9,10,0.635714285714286
"361",2,29.9,13.3,10,0.585714285714286
"362",3,43.6,40.4,6.5,0.6
"363",4,39.7,26.9,9.8,0.678571428571429
"364",5,41.2,31.1,9.8,0.8
"365",6,29.8,14,8.8,0.785714285714286
"366",7,18.2,-2.1,10,0.864285714285714
"367",2,44.4,33.6,9,0.456521739130435
"368",3,37.4,28.7,10,0.384057971014493
"369",4,44.3,40.7,5.4,0.666666666666667
"370",5,46.5,43.7,6.2,0.543478260869565
"371",6,36.4,19.7,10,0.5
"372",7,31.7,25.8,6.1,0.471014492753623
"373",1,31.3,24.9,5.7,0.666666666666667
"374",2,24.1,15.9,6.1,0.405797101449275
"375",3,18.3,5.7,10,0.601449275362319
"376",4,35.6,26.3,10,0.579710144927536
"377",5,45,40.9,6.5,0.543478260869565
"378",6,47.8,45.5,5.4,0.514492753623188
"379",7,46.8,37.5,7.2,0.507246376811594
"380",1,29.8,13.4,10,0.456521739130435
"381",2,33.6,24.8,9,0.536231884057971
"382",3,31.6,20.7,10,0.369565217391304
"383",4,40,30.9,9.6,0.644927536231884
"384",5,41.6,38.5,4.5,0.58695652173913
"385",6,40.7,36.9,7.4,0.673913043478261
"386",7,39.9,32.5,10,0.666666666666667
"387",1,42.3,37.5,6.7,0.398550724637681
"388",2,43.2,40.4,4.5,0.391304347826087
"389",3,40.9,34.4,8.8,0.891304347826087
"390",4,48.9,46.9,2.3,0.58695652173913
"391",5,41.1,35.1,8.5,0.623188405797101
"392",6,44.3,39.9,9,0.63768115942029
"393",7,42.1,29.8,9.9,0.652173913043478
"394",1,38.7,23.1,10,0.572463768115942
"395",2,38,26.4,9.9,0.471014492753623
"396",3,34,23.1,9.7,0.427536231884058
"397",4,28.1,14.6,8.2,0.528985507246377
"398",5,38.7,31.3,9.7,0.702898550724638
"399",6,37.7,24.2,10,0.565217391304348
"400",7,30.9,14,10,0.58695652173913
"401",1,28.4,10.8,10,0.521739130434783
"402",2,36.1,23.7,9.5,0.420289855072464
"403",3,37.5,21,10,0.557971014492754
"404",4,38.1,32.2,8.4,0.550724637681159
"405",5,46.2,43.9,2.8,0.666666666666667
"406",6,38.1,33.3,7,0.384057971014493
"407",7,21,9.1,7.9,0.695652173913043
"408",1,32,24.7,8.4,0.630434782608696
"409",2,35.6,32.1,7.9,0.398550724637681
"410",3,35.9,30.3,6.5,0.681159420289855
"411",4,30.1,19.1,10,0.717391304347826
"412",5,36.6,32.7,7.5,0.58695652173913
"413",6,36.1,28.8,9.2,0.579710144927536
"414",7,31.8,17.3,10,0.644927536231884
"415",1,37,26.6,9.8,0.478260869565217
"416",2,47.8,36.9,9.5,0.456521739130435
"417",3,41.9,29.5,10,0.384057971014493
"418",4,37.1,26.6,10,0.514492753623188
"419",5,40.6,35.2,9.7,0.485507246376812
"420",6,44,41.7,5.2,0.572463768115942
"421",7,47.5,44.3,6.9,0.77536231884058
"422",1,49.8,46.6,6.5,0.652173913043478
"423",2,43,31.2,7.3,0.528985507246377
"424",3,39.1,25.5,10,0.405797101449275
"425",4,44.2,39.9,9,0.572463768115942
"426",5,47.4,45.8,2,0.652173913043478
"427",6,47.8,36.9,6.9,0.746376811594203
"428",7,33.2,8.8,10,0.695652173913043
"429",1,22.9,0.1,9.9,0.594202898550725
"430",2,20.8,-1.7,10,0.536231884057971
"431",3,28.9,11.2,10,0.471014492753623
"432",4,36.7,27.5,9.2,0.666666666666667
"433",5,45.9,42.6,5.5,0.565217391304348
"434",6,45.9,34.3,9.1,0.652173913043478
"435",7,35.5,26.4,5.8,0.449275362318841
"436",1,22.5,7.2,9.4,0.63768115942029
"437",2,20,2.6,10,0.594202898550725
"438",3,21.9,6.4,10,0.652173913043478
"440",5,29.8,20.7,7.5,0.72463768115942
"441",6,28.5,11.1,9.8,0.826086956521739
"442",7,33,13.4,10,0.905797101449275
"443",1,34.7,23.9,10,0.58695652173913
"444",2,36,32.2,5.6,0.550724637681159
"445",3,39.2,26.3,9.4,0.710144927536232
"446",4,39.9,26.4,10,0.630434782608696
"447",5,38.6,20.9,10,0.601449275362319
"448",6,26.4,1.5,10,0.514492753623188
"449",7,35.3,21.9,9.9,0.840579710144927
"450",1,42.9,36.8,8.2,0.601449275362319
"451",2,37,30,9.5,0.521739130434783
"452",3,42,38.3,6.4,0.630434782608696
"453",4,40.7,38.5,5,0.579710144927536
"454",5,41.9,37.1,8.3,0.579710144927536
"455",6,40,25.9,10,0.710144927536232
"456",7,37.6,30.7,9.2,0.818840579710145
"457",1,39.8,36.9,3.3,0.579710144927536
"458",2,39.7,33,9.3,0.543478260869565
"459",3,43,31.7,10,0.644927536231884
"460",4,42.9,38,6.3,0.58695652173913
"461",5,42.6,38.4,7.8,0.5
"462",6,41.9,38.5,7.9,0.891304347826087
"463",7,47.8,42.6,6.9,0.579710144927536
"464",1,43.9,30.6,9.8,0.659420289855073
"465",2,46.3,30.9,10,0.623188405797101
"466",3,46.9,39.6,10,0.623188405797101
"467",4,49.8,44,8.8,0.507246376811594
"468",5,49.1,45.1,8.3,0.746376811594203
"469",6,49.8,38.5,9.5,0.739130434782609
"470",7,47.5,34.1,10,0.492753623188406
"471",1,46.8,38,9.7,0.630434782608696
"472",2,51.9,46.9,5.3,0.391304347826087
"473",3,56.4,48.3,8.7,0.58695652173913
"474",4,47.8,39.2,10,0.615942028985507
"475",5,41.7,32.2,10,0.63768115942029
"476",6,47.5,44.1,5.9,0.731884057971015
"477",7,45.7,43.4,4.6,0.855072463768116
"478",1,46.7,44.5,5.7,0.753623188405797
"479",2,46.5,39.5,10,0.528985507246377
"480",3,46.6,42.4,10,0.536231884057971
"481",4,49.7,46.6,6.7,0.934782608695652
"482",5,53.1,51.8,1.1,0.623188405797101
"483",6,52.9,50.7,3,0.717391304347826
"484",7,53.1,51,3.3,0.898550724637681
"485",1,54.2,51.6,2.7,0.666666666666667
"486",2,53.4,40,9.8,0.478260869565217
"487",3,49.3,45.3,5,0.557971014492754
"488",4,55.4,53.4,2.2,0.797101449275362
"489",5,54.7,44.3,9.5,0.666666666666667
"490",6,51.5,34.8,10,0.652173913043478
"491",7,49.4,44,7.6,0.905797101449275
"492",1,55.1,54.1,2.6,0.652173913043478
"493",2,52.5,48.9,7.1,0.434782608695652
"494",3,50,41.3,10,0.550724637681159
"495",4,48.3,34.9,10,0.72463768115942
"496",5,48.7,38.4,9.9,0.702898550724638
"497",6,49.5,42,10,0.840579710144927
"498",7,48.6,42.2,9.7,0.72463768115942
"499",1,47.9,41.7,10,0.760869565217391
"500",2,50.4,47.9,5.6,0.528985507246377
"501",3,51.1,43.8,10,0.695652173913043
"502",4,57.5,46.9,10,0.695652173913043
"503",5,57.9,50.2,9.8,0.905797101449275
"506",1,56.3,41.6,10,0.760869565217391
"507",2,52.7,37.3,10,0.63768115942029
"508",3,51.4,40.5,9.5,0.77536231884058
"509",4,56.8,52.3,7.5,0.789855072463768
"510",5,53.9,49.6,9,0.695652173913043
"511",6,53.8,51.1,5.6,0.768115942028985
"512",7,55.4,52.9,6.2,0.572463768115942
"513",1,57.5,48.6,10,0.463768115942029
"514",2,51.8,46.1,9.4,0.398550724637681
"516",4,53.5,49.6,8.1,0.695652173913043
"517",5,55.4,53.1,3.6,0.746376811594203
"518",6,55.7,53.8,3,0.710144927536232
"519",7,58.2,48.2,8.3,0.659420289855073
"520",1,56.9,47.9,10,0.536231884057971
"521",2,58,49.8,10,0.536231884057971
"522",3,56.6,54.5,7,0.623188405797101
"523",4,52.4,50.5,5.1,0.789855072463768
"524",5,54.5,47.5,8.4,0.760869565217391
"525",6,52.7,45.2,9.2,0.695652173913043
"526",7,57.6,52.7,9.1,0.840579710144927
"527",1,60.4,54.5,9.3,0.673913043478261
"528",2,61.5,55.8,9.3,0.702898550724638
"529",3,66,58.9,8,0.666666666666667
"530",4,67.3,59.8,7.6,0.963768115942029
"531",5,67.1,51.6,9.3,0.884057971014493
"532",6,57.2,45.8,10,0.72463768115942
"533",7,59.8,52.9,9.9,0.666666666666667
"534",1,61.7,59.4,4.3,0.753623188405797
"535",2,63.8,62.5,0.7,0.478260869565217
"536",3,64.7,64.5,0.9,0.673913043478261
"537",4,63.4,63.4,1.1,0.739130434782609
"538",5,62.6,61.8,5.4,0.702898550724638
"539",6,65.8,59.4,7.8,0.855072463768116
"540",7,64.9,63.4,6.3,1
"541",1,67.2,65.1,4.6,0.855072463768116
"542",2,68.8,60.1,9.4,0.463768115942029
"543",3,66.7,59.2,9.8,0.557971014492754
"544",4,64.3,61.6,9.9,0.72463768115942
"545",5,65.4,58,9.9,0.746376811594203
"547",7,66.9,63.7,8.8,0.811594202898551
"548",1,67.7,66.3,5.9,0.492753623188406
"549",2,68.7,67.4,4.2,0.384057971014493
"550",3,70.9,66.1,8.2,0.420289855072464
"552",5,67.9,58.5,9.9,0.579710144927536
"553",6,61.7,59.9,9.9,0.608695652173913
"554",7,66,66,5.2,0.63768115942029
"555",1,67.3,66.8,5.4,0.543478260869565
"556",2,69.6,64.1,9.3,0.478260869565217
"557",3,68.3,66.1,9.6,0.652173913043478
"558",4,68.8,68.4,2.7,0.608695652173913
"559",5,70.8,70.2,1.8,0.760869565217391
"560",6,70.8,69.6,4.4,0.876811594202899
"561",7,63.7,61.5,9,0.760869565217391
"562",1,64.3,62.7,8.4,0.608695652173913
"563",2,69.3,67.7,5.8,0.5
"564",3,67.3,66.8,3.9,0.565217391304348
"565",4,69.4,67.9,4,0.77536231884058
"566",5,71.6,70.3,4.2,0.86231884057971
"567",6,74.7,70.6,5.3,0.840579710144927
"568",7,75.6,69.6,5.7,0.833333333333333
"569",1,74,67.2,8.8,0.746376811594203
"570",2,68.4,63.5,8.7,0.601449275362319
"571",3,63,58,7.5,0.768115942028985
"572",4,62.8,59.4,9.5,0.543478260869565
"573",5,63.6,58,10,0.659420289855073
"574",6,61.8,59.2,10,0.630434782608696
"575",7,69.2,66.9,10,0.77536231884058
"576",1,65.1,65,6.9,0.528985507246377
"577",2,67.1,57.7,9.6,0.521739130434783
"578",3,63.9,57.3,10,0.58695652173913
"579",5,61.8,57.5,7,0.688405797101449
"580",6,66.2,60.6,9.6,0.652173913043478
"581",4,68.2,64.8,10,0.652173913043478
"582",5,68.6,66.6,9.9,0.695652173913043
"583",6,67.5,66,9.1,0.847826086956522
"584",7,67.7,66.7,2.9,0.789855072463768
"585",1,67.7,67.2,2.5,0.623188405797101
"586",2,69.4,59.9,9.5,0.471014492753623
"587",3,67.5,64.2,10,0.688405797101449
"588",4,65.2,62.8,7.8,0.565217391304348
"589",5,67.1,63.5,8.2,0.717391304347826
"590",6,67.8,66,8.8,0.594202898550725
"591",7,67.6,65.8,9.3,0.644927536231884
"592",1,65.9,65.8,4.2,0.492753623188406
"593",2,71,69.3,6.1,0.579710144927536
"594",3,67.7,65.2,6.1,0.550724637681159
"595",4,67.8,66.8,4.3,0.579710144927536
"596",5,71.1,65.9,6.8,0.565217391304348
"597",6,68,60.8,9.1,0.572463768115942
"598",7,66.6,65.6,8,0.536231884057971
"599",1,71.8,70.9,5.6,0.550724637681159
"600",2,72.8,68.1,6.3,0.427536231884058
"601",3,69.9,65.6,9.8,0.572463768115942
"602",4,70.5,69.8,6.4,0.521739130434783
"603",5,72.3,70.9,6.3,0.673913043478261
"604",6,70,60.2,10,0.688405797101449
"605",7,66.4,60,10,0.659420289855073
"606",1,64.1,56.8,9.9,0.485507246376812
"607",2,62.3,53.6,10,0.405797101449275
"608",3,62.7,56.4,10,0.521739130434783
"609",4,62,58.3,9.9,0.550724637681159
"610",7,62.7,50,10,0.681159420289855
"611",1,58.7,45.2,10,0.471014492753623
"613",3,65.4,62.2,9.6,0.391304347826087
"614",4,68.1,66.4,6.9,0.601449275362319
"615",5,69.6,68.6,6,0.507246376811594
"616",6,67.1,65.1,7.9,0.652173913043478
"617",7,65.4,60.5,9.5,0.826086956521739
"618",1,63.1,57,10,0.550724637681159
"619",2,61.1,56.3,9.7,0.594202898550725
"620",3,63.6,53.9,10,0.63768115942029
"621",4,65.3,59.7,10,0.688405797101449
"622",5,67.5,63.4,9.5,0.753623188405797
"623",6,67.4,67.2,5.1,0.86231884057971
"624",7,67.9,67.7,6.7,0.884057971014493
"625",1,66.8,65.5,4.6,0.601449275362319
"626",2,64.7,64.2,4.8,0.550724637681159
"627",3,65.7,65.5,3.4,0.753623188405797
"628",4,65.5,65.4,3.3,0.688405797101449
"629",5,66.1,66.1,3.2,0.63768115942029
"630",6,63.9,63.8,3.4,0.623188405797101
"631",7,61.3,61.3,2.8,0.673913043478261
"632",1,62.6,62.6,2.1,0.659420289855073
"633",2,65.3,64.3,3.7,0.623188405797101
"634",3,64.2,63.7,2.8,0.623188405797101
"635",4,65.9,65.3,2.6,0.753623188405797
"636",5,68.7,68.6,1.5,0.72463768115942
"637",6,69.4,66.3,4.9,0.72463768115942
"638",7,59.6,48.5,10,0.72463768115942
"639",1,56.3,50.9,9.8,0.471014492753623
"640",2,55.5,46.8,10,0.572463768115942
"641",3,58,51.4,10,0.557971014492754
"642",4,54.1,47.5,10,0.630434782608696
"643",5,59.3,56.1,10,0.623188405797101
"644",6,63.7,62.6,8.4,0.579710144927536
"645",7,64.9,64.2,7.4,0.623188405797101
"646",1,63.8,63.5,3.9,0.58695652173913
"647",2,65.8,65.6,9.2,0.521739130434783
"648",3,66.3,66.2,6.2,0.41304347826087
"649",4,68.8,65.6,5.9,0.615942028985507
"650",5,62.1,58.7,10,0.63768115942029
"651",6,57.1,49.2,10,0.521739130434783
"652",7,56.4,49.4,10,0.623188405797101
"653",1,62.4,62,6.7,0.507246376811594
"654",2,63.3,63.3,1.4,0.434782608695652
"655",3,62.3,58.2,8.8,0.623188405797101
"656",4,51.1,39,10,0.608695652173913
"657",5,56.7,49,10,0.652173913043478
"658",6,59.7,58.3,10,0.768115942028985
"659",7,62,54.1,10,0.855072463768116
"660",1,58.8,50.3,10,0.572463768115942
"661",2,60.6,59.2,10,0.485507246376812
"662",3,59.5,58.7,6.5,0.710144927536232
"663",4,64.3,63.4,8.7,0.673913043478261
"664",5,65.1,65,4.9,0.659420289855073
"665",6,60.1,59.6,7.8,0.58695652173913
"666",7,54.1,43.5,10,0.782608695652174
"667",1,55.1,51.2,10,0.442028985507246
"668",2,60.4,59.4,9.6,0.615942028985507
"669",3,60.4,52,6.9,0.789855072463768
"670",4,57.7,44.2,10,0.594202898550725
"671",5,50.6,39.9,10,0.659420289855073
"672",6,58.9,56.1,10,0.644927536231884
"673",7,58.7,58.5,3.4,0.731884057971015
"674",1,53.6,44.6,9.3,0.557971014492754
"675",2,54.5,49.5,10,0.398550724637681
"676",3,62.2,61.6,7.4,0.594202898550725
"677",4,53,46.7,9.8,0.601449275362319
"678",5,47,43.6,9.7,0.746376811594203
"679",6,48.3,39.9,10,0.695652173913043
"680",7,44.6,33.5,10,0.884057971014493
"681",1,30.2,18,10,0.739130434782609
"682",2,35.8,29.8,10,0.572463768115942
"683",3,48.8,44.3,10,0.63768115942029
"684",4,46.1,39,10,0.797101449275362
"685",5,43.9,37.1,10,0.63768115942029
"686",6,46.6,43.4,8.9,0.840579710144927
"687",7,43.8,33.2,9.9,0.717391304347826
"688",1,43.5,31.4,10,0.847826086956522
"689",2,54.8,50.4,7.8,0.536231884057971
"690",3,40.5,24.6,10,0.702898550724638
"691",4,51.1,39,10,0.804347826086957
"692",5,54.2,52.3,8,0.760869565217391
"694",7,40.8,30.7,10,0.536231884057971
"695",1,50.1,47.2,10,0.456521739130435
"696",2,48.9,39.7,9.9,0.565217391304348
"697",3,43,28.8,10,0.601449275362319
"698",4,37.9,27.4,10,0.536231884057971
"699",5,52.2,47.6,9.8,0.833333333333333
"700",6,43.2,34,10,0.688405797101449
"701",7,48.2,44.2,10,0.731884057971015
"702",1,42.5,34.2,10,0.492753623188406
"703",2,42.6,36.3,10,0.507246376811594
"704",3,40.9,35.1,10,0.666666666666667
"705",4,42,38.5,10,0.942028985507246
"706",5,51.3,48.7,7.9,0.789855072463768
"707",6,43.4,28.1,10,0.811594202898551
"708",7,41,26.6,10,0.920289855072464
"709",1,38.7,36.7,7.8,0.695652173913043
"710",2,39,34.6,9,0.579710144927536
"711",3,38.4,28.3,9.8,0.557971014492754
"712",4,42.6,38.1,9.7,0.695652173913043
"713",5,32.8,25.1,9.2,0.826086956521739
"714",6,28.2,20.4,8.1,0.91304347826087
"716",1,30.9,24.3,8,0.601449275362319
"717",2,27.6,13.8,10,0.492753623188406
"718",3,32.7,23.9,9.7,0.673913043478261
"719",4,44.9,41.8,9.3,0.702898550724638
"720",5,44.3,31.7,9.9,0.63768115942029
"721",6,32.4,19.7,10,0.717391304347826
"722",7,32.7,24.3,9.7,0.666666666666667
"723",1,45.6,45.4,3.2,0.442028985507246
"726",4,29.5,12.4,10,0.485507246376812
"727",5,21.9,5,10,0.543478260869565
"728",6,15.3,-1.4,10,0.615942028985507
"729",7,13.7,5.4,9.5,0.528985507246377
"730",1,16.7,3.7,9.3,0.521739130434783
"731",2,21,17.9,4.9,0.384057971014493
"732",3,9.5,-0.5,10,0.385185185185185
"733",4,14.7,2,10,0.555555555555556
"734",5,25.6,18.3,10,0.474074074074074
"736",7,23,13.8,9.5,0.555555555555556
"737",1,13.2,-0.2,10,0.488888888888889
"738",2,9.3,-0.5,10,0.444444444444444
"739",3,35,28,9.9,0.496296296296296
"740",4,38.3,32.3,9.3,0.785185185185185
"741",5,31.4,24.2,10,0.511111111111111
"742",6,38.5,38,10,0.62962962962963
"743",7,43.7,43.7,5.6,0.962962962962963
"744",1,45.4,43.2,3,0.6
"745",2,27,21.7,10,0.533333333333333
"746",3,31.6,24.5,9.1,0.481481481481481
"747",4,32.3,28.9,8.2,0.681481481481481
"748",5,36,35.2,5.5,0.533333333333333
"749",6,32.4,29.5,8.4,0.57037037037037
"750",7,28.9,21.4,10,0.77037037037037
"751",1,38.1,32.5,10,0.607407407407407
"752",2,39.7,31.7,10,0.414814814814815
"753",3,36.4,35.9,7.6,0.577777777777778
"754",4,45.3,45.3,4.4,0.548148148148148
"755",5,41.1,36.1,8.8,0.651851851851852
"756",6,28,12.4,10,0.674074074074074
"757",7,25.3,7,10,0.77037037037037
"758",1,36.8,30.7,10,0.488888888888889
"759",2,43.4,43.2,4.4,0.525925925925926
"760",3,40.3,37.7,6.9,0.637037037037037
"761",4,31.9,30.5,4.3,0.518518518518518
"762",5,25,14.8,10,0.651851851851852
"763",6,38.3,34.7,9.4,0.674074074074074
"764",7,34.2,30.8,6.4,0.585185185185185
"765",1,19.8,8.6,10,0.533333333333333
"766",2,37.8,34.1,9.1,0.62962962962963
"767",3,42.5,38.1,5.1,0.725925925925926
"768",4,30,20.2,10,0.518518518518518
"769",5,36.4,32.6,8.4,0.703703703703704
"770",6,34.6,28.2,8.4,0.62962962962963
"771",7,28.3,17.3,10,0.555555555555556
"772",1,41.6,39,9,0.607407407407407
"773",2,46.3,46.3,1.2,0.62962962962963
"774",3,45,44.2,3.9,0.503703703703704
"775",4,31.5,23,10,0.674074074074074
"776",5,36.9,34,8.5,0.711111111111111
"777",6,40.8,40.8,2.2,0.688888888888889
"778",7,44.8,44.6,2.9,0.62962962962963
"779",1,35.9,24.8,10,0.785185185185185
"780",2,39.4,34.8,8.3,0.488888888888889
"781",3,38.1,35.4,9.6,0.37037037037037
"782",4,45.6,45.5,2.9,0.503703703703704
"783",5,45.9,45.9,0.2,0.688888888888889
"784",6,43.1,38.6,8.3,0.666666666666667
"785",7,37.5,32.5,9.7,0.614814814814815
"786",1,42.3,41.5,5,0.651851851851852
"787",2,42.5,41.5,6.4,0.451851851851852
"788",3,42.1,40.1,6.5,0.607407407407407
"789",4,40.3,29.3,10,0.614814814814815
"790",5,42.6,38.2,10,0.666666666666667
"791",6,46.7,41,10,0.637037037037037
"792",7,45.3,45.2,5.1,0.792592592592593
"793",1,40.2,37.5,6.2,0.6
"794",2,39.6,33.6,9.9,0.444444444444444
"795",3,37.8,34.5,8.2,0.592592592592593
"796",4,37.7,30.1,10,0.6
"797",5,38.1,35.9,8.9,0.392592592592593
"798",6,39.6,36.3,8.2,0.562962962962963
"799",7,35.5,28.2,9.6,0.837037037037037
"800",1,38.1,25.9,10,0.637037037037037
"801",2,36.3,24.8,10,0.511111111111111
"802",3,36.7,30.7,10,0.644444444444444
"803",4,35,33.4,3.4,0.555555555555556
"804",5,34.8,29,9.7,0.8
"805",6,36.5,28.1,9.7,0.822222222222222
"806",7,36.1,21.4,10,0.851851851851852
"807",1,33.3,17.6,10,0.607407407407407
"808",2,27.2,7.9,10,0.481481481481481
"809",3,30.5,6.6,10,0.837037037037037
"810",4,32.5,17.5,10,0.525925925925926
"811",5,36.8,32.7,8.6,0.392592592592593
"812",6,36.1,35.3,6.6,0.681481481481481
"813",7,37.5,31.9,10,0.814814814814815
"814",1,36.3,30.8,10,0.622222222222222
"815",2,35.8,32.8,9.3,0.444444444444444
"816",3,36.4,25,10,0.607407407407407
"817",4,37.6,28.7,10,0.748148148148148
"818",5,40.4,32.9,10,0.696296296296296
"819",6,41.6,40.3,8.1,0.703703703703704
"820",7,46.8,46.8,2.1,0.733333333333333
"821",1,43.6,33.1,9.6,0.496296296296296
"823",3,37.7,31.2,8.1,0.503703703703704
"824",4,35.3,32.5,9.3,0.644444444444444
"825",5,47.3,46.9,3.5,0.733333333333333
"826",6,39.9,24,10,0.562962962962963
"827",7,38,25.2,9.4,0.644444444444444
"828",1,43.5,37.2,8.7,0.525925925925926
"829",2,37.9,28.3,9.5,0.459259259259259
"830",3,36.3,20.4,10,0.585185185185185
"831",4,37.7,31.7,9.1,0.77037037037037
"832",5,37.9,33,10,0.703703703703704
"833",6,42.8,38.5,10,0.785185185185185
"834",7,47.7,45.3,6.7,0.807407407407407
"835",1,47.7,45,7,0.666666666666667
"836",2,39.7,31.5,9,0.503703703703704
"837",3,44.7,44.7,2.6,0.637037037037037
"838",4,45.6,41.3,8.4,0.696296296296296
"839",5,41.9,34.1,10,0.851851851851852
"840",6,41.8,40.6,9.6,0.851851851851852
"841",7,43.2,33.2,10,0.614814814814815
"842",1,44.6,31.9,10,0.733333333333333
"843",2,46.3,33.1,10,0.548148148148148
"844",3,46.4,33.6,10,0.562962962962963
"845",4,44.7,41.7,10,0.525925925925926
"846",5,49.2,48.2,7.1,0.725925925925926
"847",6,50,48.9,3.2,0.718518518518519
"848",7,48.8,46.9,7.8,0.792592592592593
"849",1,49.5,48.3,5.1,0.666666666666667
"850",2,50.5,48.7,9.2,0.422222222222222
"851",3,46.2,40.4,10,0.62962962962963
"852",2,49.7,48.5,9.7,0.422222222222222
"853",3,50.5,49.6,6.4,0.696296296296296
"854",4,53.9,53.4,3,0.82962962962963
"855",5,55.3,53.8,9.3,0.77037037037037
"856",6,54.1,54.1,5.3,0.807407407407407
"857",7,52.2,49.1,5.7,0.8
"858",1,49.6,49,6,0.718518518518519
"859",2,56.5,56.4,0.7,0.533333333333333
"860",3,60.9,51,9.5,0.548148148148148
"861",4,54.6,49.5,10,0.718518518518519
"862",5,57.3,55.7,6.9,0.540740740740741
"863",6,56.3,49.7,9.6,0.822222222222222
"864",7,56.5,53.6,8,0.874074074074074
"865",1,58.8,56.7,7.1,0.585185185185185
"866",2,53.7,53.4,6,0.4
"868",4,57.7,55.8,6,0.837037037037037
"869",5,59.2,54.2,6.4,0.711111111111111
"870",6,55.1,54.6,3.7,0.733333333333333
"871",4,48.4,43.7,10,0.666666666666667
"872",5,54.5,45.7,10,0.792592592592593
"873",6,54,48.6,9.5,0.748148148148148
"874",7,53.3,51.3,7.8,0.681481481481481
"875",1,58,47.5,9.2,0.651851851851852
"876",2,52.5,49.7,8.1,0.540740740740741
"877",3,53,49.7,8.7,0.637037037037037
"878",4,48.4,46.3,4.9,0.696296296296296
"879",5,51.2,50.1,4,0.711111111111111
"880",6,51,50.2,6.2,0.77037037037037
"881",7,56.8,48.7,8.1,0.881481481481482
"882",1,48.9,46.2,9.5,0.503703703703704
"883",7,58.6,58.4,4.8,0.881481481481482
"884",1,63.1,60.8,4.4,0.674074074074074
"885",2,52.8,48.1,10,0.518518518518518
"886",3,51,50.1,6.2,0.6
"887",4,54.5,51.3,9.4,0.748148148148148
"888",5,54.8,50.8,9.7,0.762962962962963
"889",6,51.5,48,10,0.696296296296296
"890",7,54.8,51.9,7.9,0.711111111111111
"891",1,62.9,55.8,9.8,0.681481481481481
"892",2,61.5,49.5,9.4,0.555555555555556
"893",3,56.2,45.3,10,0.688888888888889
"894",4,55.3,48.6,10,0.733333333333333
"895",5,59.4,57,7.9,0.792592592592593
"896",6,63.8,58.8,5.3,0.918518518518519
"897",7,59,54,9.3,0.866666666666667
"898",1,62.8,56,9.3,0.562962962962963
"899",2,66.7,56.6,10,0.459259259259259
"900",3,62.9,60.4,9.1,0.814814814814815
"901",4,67.7,61.8,6.3,0.733333333333333
"902",5,62.8,58.8,7.9,0.755555555555556
"903",6,63.4,61.5,8.1,0.77037037037037
"904",7,61.1,56.4,5.5,0.837037037037037
"905",1,59.2,57,5.7,0.57037037037037
"906",2,62.7,61.5,3.7,0.533333333333333
"907",3,63.8,60.8,6.1,0.614814814814815
"908",4,60.7,55.3,10,0.896296296296296
"909",5,62.7,59.1,10,0.57037037037037
"910",6,64.1,62.6,6.3,0.748148148148148
"911",7,68,66,4.4,1
"912",1,71.1,65.4,10,0.592592592592593
"913",2,70.8,66.4,8.8,0.459259259259259
"914",3,68.4,64.9,8.7,0.740740740740741
"915",4,66.9,66.2,2.9,0.674074074074074
"917",6,71.7,71,1.6,0.555555555555556
"918",7,70.6,69.3,4.8,0.6
"919",1,67.3,52.8,9.9,0.533333333333333
"920",2,61.7,52.8,10,0.518518518518518
"921",3,60.9,53.6,10,0.592592592592593
"922",4,67.2,64.7,9.9,0.651851851851852
"923",5,68.3,65.1,9.3,0.740740740740741
"924",6,68.2,59.5,10,0.614814814814815
"925",7,64.8,55.1,10,0.6
"926",1,64.9,59.5,10,0.525925925925926
"927",2,65.5,61.6,8.6,0.548148148148148
"928",3,68.7,67.9,2.6,0.651851851851852
"929",4,70.5,69,4.6,0.725925925925926
"930",5,71.2,66.7,7.9,0.688888888888889
"931",6,67.9,57.5,10,0.888888888888889
"932",7,64.3,56.7,10,0.837037037037037
"933",1,59.8,9999.9,6.8,0.548148148148148
"934",2,66.5,66.2,3.2,0.481481481481481
"935",3,69.9,68.1,7.3,0.644444444444444
"936",4,69.2,68.1,5.7,0.607407407407407
"937",5,69.8,68.7,5,0.637037037037037
"938",6,69.8,69.4,4.7,0.718518518518519
"939",7,70.6,70.1,2.1,0.859259259259259
"940",1,69.7,69.7,1.4,0.57037037037037
"941",2,72.9,69.1,6.5,0.437037037037037
"942",3,71.3,66.7,9.9,0.548148148148148
"943",4,68.9,65.8,8.4,0.711111111111111
"944",5,69.2,67.6,7.5,0.622222222222222
"945",6,73.7,72.5,5.4,0.711111111111111
"946",7,73.7,72.6,4.6,0.814814814814815
"947",1,71.8,71.2,4.4,0.6
"948",2,74.3,70.4,8.8,0.392592592592593
"949",3,74.8,73.4,6.3,0.518518518518518
"950",4,75.8,74.1,6.7,0.585185185185185
"951",5,74.6,73.6,5.9,0.696296296296296
"952",6,74.9,73.5,3.6,0.8
"953",7,76.9,68.4,9.6,0.733333333333333
"954",1,68.8,66.2,9,0.562962962962963
"955",2,70.9,69.7,7.8,0.548148148148148
"956",3,69.1,68.1,7.7,0.607407407407407
"957",4,72.8,71.4,4.5,0.688888888888889
"958",5,74.1,70.4,9.4,0.533333333333333
"959",6,77.2,71.4,9.1,0.703703703703704
"960",7,74.9,72.1,6.3,0.748148148148148
"961",1,73.9,72.4,5.9,0.518518518518518
"963",3,66.7,66,4.7,0.614814814814815
"964",4,66.7,65.5,7.1,0.555555555555556
"965",5,68.1,67.4,4.8,0.511111111111111
"966",6,70,61.6,9.7,0.592592592592593
"967",7,67.1,61.5,10,0.785185185185185
"968",1,66.5,60.3,9,0.444444444444444
"969",2,68.2,60.3,10,0.414814814814815
"970",3,73.1,69.6,9.1,0.651851851851852
"971",4,73,71.2,3.5,0.681481481481481
"972",5,75.3,72.7,5.5,0.622222222222222
"973",6,76.2,72.4,7,0.651851851851852
"974",7,69.9,63.6,10,0.607407407407407
"978",4,75.7,70.6,6.1,0.644444444444444
"979",5,69.2,64.7,9.3,0.733333333333333
"980",6,72.6,70.2,9.4,0.807407407407407
"981",7,71.1,64.3,10,0.792592592592593
"982",1,66.6,60.3,10,0.696296296296296
"983",2,62.6,50.8,10,0.577777777777778
"984",3,62.3,55.4,9.5,0.688888888888889
"985",4,68.9,67.5,7.4,0.666666666666667
"986",5,71,69.6,3.1,0.792592592592593
"987",6,66.1,63.8,6.3,0.837037037037037
"988",7,64.9,60.7,9.2,0.711111111111111
"989",1,65.9,61,9.3,0.637037037037037
"990",2,63.9,59.5,6.8,0.622222222222222
"991",3,65.6,62.6,7.9,0.711111111111111
"992",4,71,69.2,8.1,0.77037037037037
"993",5,66.5,63.8,7.8,0.511111111111111
"994",6,63.7,57.9,9.1,0.748148148148148
"995",7,60.6,54.6,10,0.659259259259259
"996",1,68.8,60.1,9.6,0.651851851851852
"997",2,59.8,50.2,10,0.518518518518518
"998",3,57.4,50.3,10,0.688888888888889
"999",4,60.5,55.1,8.7,0.888888888888889
"1000",5,69.4,67.3,6.9,0.844444444444444
"1001",6,66.3,62.6,8.5,0.814814814814815
"1002",7,60.5,58.5,6.3,0.755555555555556
"1003",1,62.3,56.3,9.8,0.540740740740741
"1004",2,61,53.5,9.7,0.474074074074074
"1005",3,62,56.1,10,0.525925925925926
"1006",4,64.7,62.1,9.5,0.807407407407407
"1007",5,64.4,62.3,7.7,0.659259259259259
"1008",6,60,57.1,9.6,0.77037037037037
"1009",7,62.2,57,9.8,0.866666666666667
"1010",1,55.5,46.3,10,0.622222222222222
"1011",2,64.4,59.6,8,0.518518518518518
"1012",3,60.7,55.7,8.8,0.474074074074074
"1013",4,63.1,59,10,0.637037037037037
"1014",5,66.2,64.9,3.9,0.8
"1015",6,67.2,65.9,4.1,0.866666666666667
"1016",7,63.1,60.6,5.2,0.725925925925926
"1017",1,53.2,44.9,10,0.562962962962963
"1018",2,52.8,37.7,10,0.488888888888889
"1019",3,57.1,51.9,9.1,0.577777777777778
"1020",4,57.1,44.8,8.6,0.755555555555556
"1021",5,55.6,40.7,10,0.6
"1022",6,45.6,23.6,10,0.785185185185185
"1023",7,49.2,33.4,10,0.881481481481482
"1024",1,59.5,53.2,9,0.740740740740741
"1025",2,48.5,41.4,9.1,0.518518518518518
"1026",3,43.3,24.9,10,0.688888888888889
"1027",4,51.5,43.7,9.9,0.651851851851852
"1028",5,48.8,41.3,10,0.807407407407407
"1029",6,45.3,32.4,10,0.82962962962963
"1030",7,39.8,25.4,10,0.577777777777778
"1031",1,50,45.3,5.7,0.807407407407407
"1032",2,56.8,52.7,6.9,0.62962962962963
"1033",3,54.9,48.9,9.8,0.496296296296296
"1034",4,47.9,35.4,10,0.585185185185185
"1035",5,45.9,35.8,10,0.607407407407407
"1036",6,58,54.7,7.6,0.77037037037037
"1037",7,60,57.8,5.2,0.666666666666667
"1038",1,59.7,55.6,5.4,0.696296296296296
"1039",2,47.7,32.3,10,0.481481481481481
"1040",3,47.5,41.9,9.7,0.622222222222222
"1041",4,56.8,56.2,2.1,0.733333333333333
"1042",5,57.9,52.2,8.4,0.562962962962963
"1043",6,52.1,38.7,9.9,0.725925925925926
"1044",7,48.3,37.1,10,0.888888888888889
"1045",1,52.2,44.9,7.5,0.57037037037037
"1046",2,39.9,21.2,10,0.62962962962963
"1047",3,41.7,24.7,10,0.414814814814815
"1048",4,51.9,46.5,5.8,0.822222222222222
"1049",5,39.3,20.6,10,0.918518518518519
"1050",6,34,18.9,9.9,0.948148148148148
"1051",7,42.8,39.1,5.5,0.762962962962963
"1052",1,44.5,31.4,10,0.562962962962963
"1053",2,41.7,29.3,10,0.503703703703704
"1054",3,46.7,41,10,0.607407407407407
"1055",4,48.2,46.3,9.2,0.703703703703704
"1056",5,39.9,28.6,9.7,0.733333333333333
"1058",7,23,11.1,9.7,0.437037037037037
"1059",1,41.4,31.9,10,0.444444444444444
"1060",2,47.7,45.7,6.1,0.444444444444444
"1061",3,45.4,42.8,7.8,0.614814814814815
"1062",4,46.9,42.2,7.2,0.651851851851852
"1063",5,41,30.4,10,0.533333333333333
"1064",6,41.3,29,10,0.762962962962963
"1065",7,38.4,30.1,10,0.703703703703704
"1066",1,38.3,31.9,9.9,0.651851851851852
"1067",2,46,44.1,5.1,0.607407407407407
"1068",3,51,49,2.7,0.785185185185185
"1069",4,40.6,28.1,10,0.607407407407407
"1070",5,31.6,20.6,10,0.607407407407407
"1071",6,34.9,20.5,10,0.62962962962963
"1072",7,38,22.5,9.8,0.733333333333333
"1073",1,27.9,7.7,10,0.703703703703704
"1074",2,29.7,13.1,10,0.42962962962963
"1075",3,35.5,23.8,10,0.659259259259259
"1076",4,32,22.9,10,0.607407407407407
"1077",5,32.3,22.3,8.9,0.725925925925926
"1078",6,30.9,18.7,10,0.748148148148148
"1079",7,37.9,32.3,10,0.903703703703704
"1080",1,46.1,44.8,5.7,0.725925925925926
"1081",2,43.8,37.8,8.4,0.622222222222222
"1082",3,42.2,39.7,6.2,0.666666666666667
"1083",4,33.3,18.2,9.6,0.696296296296296
"1084",5,29.8,16.2,10,0.733333333333333
"1085",6,38.6,34.4,9.6,0.666666666666667
"1086",7,50.4,49.1,5.3,0.762962962962963
"1087",1,48.3,45.8,4.1,0.481481481481481
"1088",2,36.7,23.9,10,0.385185185185185
"1091",5,31.8,12.5,10,0.4
"1092",6,34.7,23,10,0.496296296296296
"1093",7,41.8,36.7,7.5,0.711111111111111
"1094",1,48.4,44,4.1,0.474074074074074
"1096",3,32,23.7,10,0.577777777777778
"1097",6,46.5,44.7,5.2,0.87037037037037
"1098",7,37,28.5,8.9,0.675925925925926
"1099",1,30.5,15.4,10,0.712962962962963
"1100",2,35.1,28.2,9.9,0.657407407407407
"1101",3,35.7,27.3,9.8,0.490740740740741
"1102",4,33.8,23.7,10,0.953703703703704
"1103",5,36.8,29.5,8.8,0.787037037037037
"1104",6,15.7,1.9,9.5,0.740740740740741
"1106",5,35,23.4,10,0.518518518518518
"1107",6,39.4,32.9,9.5,0.592592592592593
"1108",7,39,30.2,9.8,0.574074074074074
"1109",1,43.8,42.4,5,0.481481481481481
"1111",3,27.4,11.7,10,0.592592592592593
"1112",4,36.3,30.8,6.7,0.648148148148148
"1113",5,44.4,39.6,5.6,0.611111111111111
"1114",6,34.9,21.2,9.7,0.657407407407407
"1115",7,28.6,13.4,10,0.675925925925926
"1116",1,23.1,3.7,10,0.666666666666667
"1117",2,26,12.8,10,0.472222222222222
"1118",3,32.8,22.5,10,0.722222222222222
"1119",4,29.4,18.7,10,0.740740740740741
"1120",5,31.3,23.1,9.8,0.694444444444444
"1121",6,29.4,15,10,0.657407407407407
"1122",7,33.2,28.1,8.3,0.657407407407407
"1123",1,34.5,29.7,9.8,0.62037037037037
"1125",3,13.7,6.3,7,0.574074074074074
"1126",4,15.8,-2.3,10,0.648148148148148
"1127",5,31.6,23.8,9.4,0.768518518518518
"1128",7,17.6,-1.7,9.8,0.685185185185185
"1129",1,23.5,10.5,10,0.5
"1130",2,35.4,28,8.1,0.481481481481481
"1131",3,39.7,36.7,7.5,0.740740740740741
"1132",4,43,42.1,3,0.75
"1133",5,39.1,31.5,9.9,0.759259259259259
"1134",6,39.1,37.9,4.5,0.712962962962963
"1135",7,40.6,39.4,3,0.712962962962963
"1136",1,31.5,10.3,10,0.666666666666667
"1137",2,28.7,9.5,10,0.62037037037037
"1138",3,30.7,14.4,10,0.601851851851852
"1139",4,29.4,19.8,8.2,0.722222222222222
"1140",5,41.1,37,4.4,0.666666666666667
"1141",6,35.5,19.5,10,0.898148148148148
"1142",7,39.8,36,8.2,0.731481481481482
"1143",1,41.1,32.4,7.9,0.777777777777778
"1144",2,30.9,20.8,10,0.555555555555556
"1146",4,25.9,12.6,10,0.731481481481482
"1147",5,26.7,10.2,10,0.694444444444444
"1148",6,36.8,32.9,6.4,0.833333333333333
"1149",7,38.3,26.1,10,0.638888888888889
"1150",1,34.8,27.7,10,0.527777777777778
"1152",3,38.7,25.2,8.4,0.777777777777778
"1153",4,29.2,6.8,10,0.703703703703704
"1154",5,21.6,-0.8,10,0.555555555555556
"1155",6,26,18.6,7.4,0.851851851851852
"1156",7,26.7,18.2,10,0.796296296296296
"1157",1,35.1,32.5,6,0.537037037037037
"1158",2,34.5,29.2,10,0.601851851851852
"1160",4,28.2,11.9,10,0.75
"1161",5,25.4,6,10,0.611111111111111
"1162",6,22.1,1.6,10,0.648148148148148
"1163",7,27.2,10.7,10,0.787037037037037
"1164",1,35.1,22.7,10,0.592592592592593
"1165",2,36.8,30.2,7.1,0.583333333333333
"1166",3,41.7,38.1,6,0.731481481481482
"1167",4,38.6,22.9,10,0.787037037037037
"1168",5,34.5,22.8,10,0.675925925925926
"1169",6,39,33.6,10,0.925925925925926
"1170",7,45.3,42.3,7.3,0.759259259259259
"1171",1,46.9,38.6,6.1,0.694444444444444
"1172",2,36.3,17.7,10,0.509259259259259
"1173",3,34.5,15.3,10,0.62037037037037
"1174",4,35.2,22.6,10,0.694444444444444
"1175",5,36.9,27.1,10,0.685185185185185
"1176",6,40.7,32.6,10,0.814814814814815
"1177",7,42.3,39.4,6.9,0.861111111111111
"1178",1,39.3,30.2,9,0.5
"1179",2,39.1,23.6,10,0.490740740740741
"1180",3,42.5,32.5,9.8,0.537037037037037
"1181",4,36.9,20.9,10,0.740740740740741
"1182",5,34.4,16.2,10,0.62962962962963
"1183",6,36.3,27.9,10,0.62962962962963
"1184",7,44.4,40.2,10,0.842592592592593
"1185",1,46.1,42.4,9.4,0.537037037037037
"1187",3,41.8,26.6,10,0.5
"1188",4,37.1,22.5,10,0.509259259259259
"1189",5,43.7,38.8,6.6,0.685185185185185
"1190",6,44.5,26,9.8,0.824074074074074
"1191",7,39.4,18.1,10,0.953703703703704
"1192",1,46.3,41.2,9.2,0.722222222222222
"1193",2,45.3,39.4,10,0.509259259259259
"1194",3,46.2,45.3,5.9,0.666666666666667
"1195",4,41.4,38.2,9.4,0.601851851851852
"1196",5,41.8,34.8,9.3,0.592592592592593
"1197",6,40.3,24,10,0.648148148148148
"1198",7,43.8,35.3,10,0.851851851851852
"1199",1,49.7,48,5.2,0.842592592592593
"1200",2,50.8,48.7,2.7,0.564814814814815
"1201",3,52,51.1,2.1,0.685185185185185
"1202",4,47.1,32.1,10,0.833333333333333
"1203",5,47.5,30.3,10,0.75
"1204",6,43.7,38.7,9.6,0.722222222222222
"1205",7,53.7,50.7,4.8,0.564814814814815
"1206",1,54.5,52.8,2.9,0.527777777777778
"1207",2,52.2,51.5,2.3,0.5
"1208",3,52.1,51.5,2.3,0.574074074074074
"1209",4,48.8,46.6,6.3,0.657407407407407
"1210",5,51.5,47.2,8,0.62962962962963
"1211",6,47.7,40.9,9.9,0.925925925925926
"1212",7,46.8,44.2,7,0.712962962962963
"1213",1,52.9,46.5,6.6,0.694444444444444
"1214",2,46.9,36.3,9.4,0.601851851851852
"1215",3,47.8,34.7,9.8,0.583333333333333
"1216",4,45.6,40.5,8.3,0.583333333333333
"1217",5,46.9,39.2,10,0.953703703703704
"1218",6,49.4,46.5,8.2,0.777777777777778
"1219",7,47.3,44.1,7.8,0.805555555555556
"1220",1,51.3,50.5,4.3,0.62037037037037
"1221",2,46.9,45.9,6.8,0.611111111111111
"1222",3,48.1,44.1,7.9,0.833333333333333
"1223",4,48.3,42.8,10,0.796296296296296
"1224",5,53,44.6,10,0.787037037037037
"1225",6,47.7,34.1,10,0.694444444444444
"1226",7,48.4,43.5,9.4,0.833333333333333
"1227",1,56.8,49.5,7,0.694444444444444
"1228",2,45.7,41.4,7.6,0.601851851851852
"1229",3,46.1,39.5,9.7,0.75
"1230",4,44.9,42.3,7,0.805555555555556
"1231",5,48.5,41.1,9.7,0.796296296296296
"1232",6,53.3,47.6,10,0.888888888888889
"1233",7,52.3,49.6,8.4,0.814814814814815
"1234",1,56.7,46.7,8.9,0.601851851851852
"1235",2,52,47.3,10,0.592592592592593
"1236",3,57.2,55,4.9,0.796296296296296
"1237",4,58.9,48.6,7.8,0.990740740740741
"1238",5,56.7,38.7,10,0.935185185185185
"1239",6,52.5,45.6,10,0.787037037037037
"1240",7,59.3,52.2,8.3,0.814814814814815
"1241",1,56.9,47.4,10,0.592592592592593
"1242",2,57.6,54.3,8.9,0.509259259259259
"1244",4,51.6,48.8,8.1,0.861111111111111
"1245",5,54.6,51.3,8.1,0.722222222222222
"1246",6,51.3,48.8,8.5,0.75
"1247",7,58.2,56.1,4.7,0.990740740740741
"1248",1,55.3,53.2,6.2,0.694444444444444
"1250",3,60.4,51,9.1,0.657407407407407
"1251",4,58.5,45.3,10,0.703703703703704
"1252",5,59.8,55,9.6,0.62962962962963
"1253",6,62,59.9,5.2,0.861111111111111
"1254",7,59.8,55.3,9.8,0.935185185185185
"1255",1,60.6,51.4,9.8,0.62962962962963
"1256",2,57.7,43.7,10,0.601851851851852
"1257",3,59.4,53.6,10,0.675925925925926
"1258",4,63.7,61.5,5.4,0.703703703703704
"1259",5,62.9,51.9,10,0.814814814814815
"1260",6,56.7,53.8,6.2,0.759259259259259
"1261",7,61.7,57.5,8.2,0.990740740740741
"1262",1,62.7,55.1,10,0.5
"1263",2,62.8,58.9,9.3,0.555555555555556
"1264",3,66,60.9,8.1,0.5
"1265",4,60.4,58.8,5.7,0.851851851851852
"1266",5,62.3,59.6,6.7,0.740740740740741
"1267",6,61,59.3,3,0.916666666666667
"1268",7,63.2,61.5,3.8,0.925925925925926
"1269",1,64.7,58.2,9.7,0.675925925925926
"1270",2,65.7,55.7,10,0.5
"1271",3,68.5,57.6,10,0.694444444444444
"1272",4,61.5,59.5,6,0.898148148148148
"1273",5,67.3,64,8.1,0.962962962962963
"1274",6,61.4,60.1,5.6,0.953703703703704
"1275",7,66.8,62.9,6.3,0.953703703703704
"1276",1,65.8,63.5,7.9,0.601851851851852
"1277",2,69.3,63.3,8.3,0.703703703703704
"1278",3,66.9,59.9,10,0.685185185185185
"1279",4,67.9,63.1,10,0.601851851851852
"1280",5,70.2,65.1,9.2,0.87037037037037
"1282",7,66.1,64.7,4.7,0.481481481481481
"1284",2,69,62.9,7.1,0.462962962962963
"1285",3,64.9,56.7,10,0.666666666666667
"1286",4,69,61.7,9.7,0.694444444444444
"1287",5,71.5,65.8,7.3,0.722222222222222
"1288",6,66.8,65.7,2.2,0.796296296296296
"1289",7,70.8,68.3,7.9,1
"1290",1,71.9,67.1,8.1,0.555555555555556
"1292",3,73.1,63,10,0.796296296296296
"1293",4,70.3,65.9,8.7,0.925925925925926
"1294",5,70.9,69.4,5.7,0.814814814814815
"1295",6,71.4,71,2,0.916666666666667
"1296",7,69.2,67.7,4.7,0.888888888888889
"1297",1,76.2,72.3,6.1,0.648148148148148
"1298",2,76.7,72.4,6.7,0.509259259259259
"1299",3,76.5,70.8,9.5,0.805555555555556
"1300",4,70.4,67.8,7.8,0.731481481481482
"1301",5,66.1,62,9.9,0.75
"1302",6,69.5,61.4,10,0.731481481481482
"1303",7,67.1,58.9,9.4,0.861111111111111
"1304",1,67.1,58.1,10,0.685185185185185
"1305",2,66.9,62.9,9.6,0.527777777777778
"1306",3,72.8,69.7,8.9,0.685185185185185
"1307",4,73,71.1,6.6,0.731481481481482
"1308",5,72.9,70.9,5.6,0.907407407407407
"1309",6,74.3,70.3,5.9,0.722222222222222
"1310",7,71.6,64.1,7.4,0.740740740740741
"1311",1,70.3,66.6,10,0.648148148148148
"1312",2,73.3,70.4,9.9,0.537037037037037
"1313",3,70.2,62.3,9.9,0.712962962962963
"1314",4,68.9,65.5,9.8,0.611111111111111
"1315",5,70.2,66.6,10,0.564814814814815
"1316",6,73.3,69.8,9.4,0.907407407407407
"1317",7,73.7,67.3,8.9,0.648148148148148
"1318",1,71.2,62.7,10,0.574074074074074
"1319",2,68.8,57,10,0.574074074074074
"1320",3,71.2,63.9,10,0.564814814814815
"1321",4,71.2,68.7,7.9,0.638888888888889
"1322",5,71.1,68.7,8.6,0.564814814814815
"1323",6,68.6,64.8,8.6,0.787037037037037
"1324",7,66.6,64.4,7.8,0.648148148148148
"1325",1,67.5,65.3,3.8,0.759259259259259
"1326",2,71.2,69.7,4.2,0.601851851851852
"1327",3,73.3,72.1,3.5,0.694444444444444
"1328",4,75.5,68.2,10,0.759259259259259
"1329",5,70.6,68.5,8.1,0.722222222222222
"1330",6,74.6,72.8,7.2,0.592592592592593
"1331",7,72,65.8,9.4,0.638888888888889
"1332",1,68.3,58.5,10,0.574074074074074
"1333",2,65.5,59.5,10,0.537037037037037
"1334",3,64.3,57.8,10,0.62962962962963
"1335",4,60.4,54.5,10,0.611111111111111
"1336",5,65.4,61.6,9.2,0.703703703703704
"1337",6,71,68.2,6.3,0.657407407407407
"1338",7,68,63.3,9.2,0.574074074074074
"1339",1,70.3,60.1,9.1,0.490740740740741
"1342",4,70,65.8,8.9,0.731481481481482
"1343",5,66.6,64.8,6.6,0.527777777777778
"1344",6,67.7,60.6,9.5,0.814814814814815
"1345",7,59.3,55,9.1,0.833333333333333
"1346",1,62.1,58.3,7.4,0.703703703703704
"1347",2,66,58,10,0.518518518518518
"1348",3,63.9,58.4,9.8,0.685185185185185
"1349",4,62.8,57.5,10,0.814814814814815
"1350",5,68.3,64.1,10,0.888888888888889
"1351",6,65.4,63.4,6.2,0.981481481481482
"1352",7,59.6,50.1,10,0.87962962962963
"1353",1,60.7,54.2,10,0.694444444444444
"1354",2,68.2,65.3,8.8,0.731481481481482
"1355",3,65.4,58.5,9.6,0.75
"1356",4,61.5,53,10,0.805555555555556
"1357",5,56,48.7,9.9,0.851851851851852
"1358",6,57.3,45.7,10,0.759259259259259
"1359",7,58.8,50.6,10,0.962962962962963
"1360",1,67,59.2,9.9,0.601851851851852
"1361",2,64.6,62.1,6.4,0.611111111111111
"1362",3,68.5,65.6,8.1,0.851851851851852
"1363",4,68.6,64.4,7.8,0.759259259259259
"1364",5,63.8,54.6,10,0.722222222222222
"1365",6,64.7,61.4,9.9,0.703703703703704
"1366",7,63.5,56.6,8.8,0.62962962962963
"1367",1,63.8,59.3,10,0.657407407407407
"1368",2,66.9,62,8.7,0.574074074074074
"1369",3,56.3,48.8,10,0.611111111111111
"1370",3,66.9,61.7,10,0.703703703703704
"1371",4,61.3,58,9.3,0.574074074074074
"1373",6,54.5,51.8,4.9,0.62962962962963
"1374",7,55.5,53.4,3.6,0.675925925925926
"1375",1,56.2,54.1,6.7,0.546296296296296
"1376",2,57.6,53.3,9.6,0.574074074074074
"1377",3,57.7,55.9,7.1,0.537037037037037
"1378",4,56.7,48.8,10,0.703703703703704
"1379",5,51.5,46,9.9,0.842592592592593
"1380",6,58.2,50,9.9,0.685185185185185
"1381",7,55,42.4,10,0.601851851851852
"1382",1,50.5,39.4,10,0.611111111111111
"1383",2,49.3,44.1,10,0.601851851851852
"1385",4,56.3,52.8,7.9,0.62962962962963
"1386",5,61.4,57.7,6.6,0.833333333333333
"1387",6,55.5,45.3,10,0.657407407407407
"1388",7,55.9,51.1,9.6,0.777777777777778
"1389",1,55.2,50,7.9,0.657407407407407
"1390",2,53.4,47.2,7.6,0.601851851851852
"1391",3,56,52.3,8.3,0.666666666666667
"1392",4,55.1,49.4,9.9,0.768518518518518
"1393",5,57.8,54.9,8.4,0.740740740740741
"1394",6,62.5,60.2,5.4,0.666666666666667
"1395",4,59.4,53.9,10,0.555555555555556
"1396",5,67.6,64,8.9,0.861111111111111
"1397",6,55.3,47.3,10,0.925925925925926
"1398",7,57.4,51.3,9.4,0.842592592592593
"1399",1,51.9,37.9,10,0.759259259259259
"1400",2,52,46.1,10,0.657407407407407
"1401",7,58.7,48.7,8.4,0.925925925925926
"1402",1,47,34.5,10,0.611111111111111
"1403",2,51,36.8,10,0.546296296296296
"1404",3,48.1,30,10,0.740740740740741
"1406",5,51.5,38.9,9.9,0.759259259259259
"1407",6,51.4,42.7,9.8,0.814814814814815
"1408",7,42.7,31.3,10,0.87037037037037
"1409",1,35.3,21.8,10,0.740740740740741
"1410",2,48.3,37.2,10,0.564814814814815
"1411",3,51.5,43.4,10,0.583333333333333
"1412",4,53.9,50.4,8.4,0.648148148148148
"1413",5,29,11.6,9.3,0.675925925925926
"1414",6,35,24.6,10,0.657407407407407
"1415",7,49.3,42,9.8,0.75
"1416",1,39.7,24.5,10,0.601851851851852
"1417",2,41.5,29.4,10,0.546296296296296
"1418",3,48.4,44.7,3.6,0.666666666666667
"1419",4,46.5,43.1,8.4,0.731481481481482
"1420",5,44.8,39.8,9.1,0.546296296296296
"1421",6,43.3,36.2,10,0.833333333333333
"1422",7,48.1,43.4,8.8,0.768518518518518
"1423",1,40.4,24.6,10,0.574074074074074
"1424",2,50.2,45.5,7.5,0.564814814814815
"1425",3,45.4,36.5,10,0.62962962962963
"1426",4,46.5,42.5,10,0.796296296296296
"1427",5,48.5,46,6,0.592592592592593
"1431",2,36.7,26.8,10,0.518518518518518
"1432",3,44.8,41.3,4.3,0.666666666666667
"1433",4,39.9,36.3,5.2,0.685185185185185
"1434",5,36.6,27.4,10,0.574074074074074
"1435",6,39.6,30.2,10,0.694444444444444
"1436",7,38.3,25.4,10,0.703703703703704
"1437",1,36.4,25.7,10,0.731481481481482
"1439",3,48.2,43.6,7.3,0.87962962962963
"1440",4,53.1,51,1.8,0.824074074074074
"1441",5,39.9,36.7,4.9,0.731481481481482
"1442",6,31.1,19.7,10,0.851851851851852
"1443",7,38.7,31.8,9.8,0.990740740740741
"1444",1,52.7,51.3,3.1,0.537037037037037
"1445",2,47.7,38.4,8,0.712962962962963
"1446",3,35.4,19.8,10,0.685185185185185
"1447",4,37.5,32,7.3,0.916666666666667
"1448",5,39.3,35.2,7.6,0.666666666666667
"1449",6,24.2,8.3,10,0.666666666666667
"1450",7,24.2,11.6,10,0.712962962962963
"1451",1,33.3,25.6,10,0.490740740740741
"1452",2,41.3,34.9,9.6,0.481481481481481
"1453",3,44.3,38.3,7.5,0.601851851851852
"1457",7,40.1,35,10,0.518518518518518
