"","Apr","Aug","Dec","Feb","Jan","Jul","Jun","Mar","May","Nov","Oct","Sep","Fri","Mon","Sat","Sun","Thu","Tue","Wed","year","temp","dewp","ttsplitcheckcombined2.visib","wdsp","Num_collision"
"1",0,0,0,0,1,0,0,0,0,0,0,0,0,0,0,0,0,1,0,2013,38,25.6,10,15,0.426900584795322
"2",0,0,0,0,1,0,0,0,0,0,0,0,0,0,0,0,0,0,1,2013,27.5,12.1,10,12.4,0.380116959064327
"3",0,0,0,0,1,0,0,0,0,0,0,0,0,0,0,0,1,0,0,2013,21.8,7.8,10,9.8,0.625730994152047
"4",0,0,0,0,1,0,0,0,0,0,0,0,1,0,0,0,0,0,0,2013,32.2,21.1,10,11.3,0.578947368421053
"5",0,0,0,0,1,0,0,0,0,0,0,0,0,0,1,0,0,0,0,2013,37.3,24.5,10,13.2,0.426900584795322
"6",0,0,0,0,1,0,0,0,0,0,0,0,0,0,0,1,0,0,0,2013,35.7,31.3,9.8,5.9,0.421052631578947
"7",0,0,0,0,1,0,0,0,0,0,0,0,0,1,0,0,0,0,0,2013,35.9,31,8.8,8.5,0.485380116959064
"8",0,0,0,0,1,0,0,0,0,0,0,0,0,0,0,0,0,1,0,2013,39.8,34.1,9.8,10.4,0.538011695906433
"9",0,0,0,0,1,0,0,0,0,0,0,0,0,0,0,0,0,0,1,2013,39.9,37.6,6.8,5.3,0.52046783625731
"10",0,0,0,0,1,0,0,0,0,0,0,0,0,0,0,0,1,0,0,2013,43.5,30.4,9.9,14.7,0.701754385964912
"11",0,0,0,0,1,0,0,0,0,0,0,0,1,0,0,0,0,0,0,2013,38,31.4,10,5.4,0.795321637426901
"12",0,0,0,0,1,0,0,0,0,0,0,0,0,0,1,0,0,0,0,2013,42.7,41.5,7.1,7.9,0.432748538011696
"13",0,0,0,0,1,0,0,0,0,0,0,0,0,0,0,1,0,0,0,2013,45.4,44.9,4.3,5.8,0.432748538011696
"14",0,0,0,0,1,0,0,0,0,0,0,0,0,1,0,0,0,0,0,2013,47.2,47.1,1.3,8.2,0.549707602339181
"15",0,0,0,0,1,0,0,0,0,0,0,0,0,0,0,0,0,1,0,2013,42.3,38.3,9.5,8,0.637426900584795
"16",0,0,0,0,1,0,0,0,0,0,0,0,0,0,0,0,0,0,1,2013,41.6,40,7,8.8,0.590643274853801
"17",0,0,0,0,1,0,0,0,0,0,0,0,0,0,0,0,1,0,0,2013,39.4,34.6,8.6,8.6,0.64327485380117
"18",0,0,0,0,1,0,0,0,0,0,0,0,1,0,0,0,0,0,0,2013,28.1,16.6,7.5,15,0.818713450292398
"19",0,0,0,0,1,0,0,0,0,0,0,0,0,0,1,0,0,0,0,2013,35.9,26.6,9.2,15.3,0.596491228070175
"20",0,0,0,0,1,0,0,0,0,0,0,0,0,0,0,1,0,0,0,2013,46.3,41.2,7,14.9,0.461988304093567
"21",0,0,0,0,1,0,0,0,0,0,0,0,0,1,0,0,0,0,0,2013,31.2,16,9.2,10.1,0.333333333333333
"22",0,0,0,0,1,0,0,0,0,0,0,0,0,0,0,0,0,1,0,2013,26.3,18.1,6.5,10.8,0.567251461988304
"23",0,0,0,0,1,0,0,0,0,0,0,0,0,0,0,0,0,0,1,2013,16.2,-1.1,10,15.6,0.608187134502924
"24",0,0,0,0,1,0,0,0,0,0,0,0,0,0,0,0,1,0,0,2013,14.3,-1.9,10,15.5,0.695906432748538
"25",0,0,0,0,1,0,0,0,0,0,0,0,1,0,0,0,0,0,0,2013,19,3.3,10,13.6,0.713450292397661
"26",0,0,0,0,1,0,0,0,0,0,0,0,0,0,1,0,0,0,0,2013,24.4,16.6,8.6,10.5,0.660818713450292
"27",0,0,0,0,1,0,0,0,0,0,0,0,0,0,0,1,0,0,0,2013,21.7,4.7,10,16.3,0.532163742690059
"28",0,0,0,0,1,0,0,0,0,0,0,0,0,1,0,0,0,0,0,2013,27.3,10.8,8.8,7.4,0.573099415204678
"29",0,0,0,0,1,0,0,0,0,0,0,0,0,0,0,0,0,1,0,2013,35.4,34.9,2.6,4.9,0.584795321637427
"30",0,0,0,0,1,0,0,0,0,0,0,0,0,0,0,0,0,0,1,2013,45.1,44,4.4,12.4,0.631578947368421
"31",0,0,0,0,1,0,0,0,0,0,0,0,0,0,0,0,1,0,0,2013,46.5,40.3,5.9,23.1,0.678362573099415
"32",0,0,0,1,0,0,0,0,0,0,0,0,1,0,0,0,0,0,0,2013,33.1,15.5,10,18.2,0.771929824561403
"33",0,0,0,1,0,0,0,0,0,0,0,0,0,0,1,0,0,0,0,2013,27.6,10.4,10,12.5,0.614035087719298
"34",0,0,0,1,0,0,0,0,0,0,0,0,0,0,0,1,0,0,0,2013,30.7,24.5,8.2,9.8,0.415204678362573
"35",0,0,0,1,0,0,0,0,0,0,0,0,0,1,0,0,0,0,0,2013,29,16.9,8.8,15.5,0.514619883040936
"36",0,0,0,1,0,0,0,0,0,0,0,0,0,0,0,0,0,1,0,2013,28.7,16.6,7.8,8.2,0.684210526315789
"37",0,0,0,1,0,0,0,0,0,0,0,0,0,0,0,0,0,0,1,2013,34.8,30.4,9,6.1,0.64327485380117
"38",0,0,0,1,0,0,0,0,0,0,0,0,0,0,0,0,1,0,0,2013,29.4,13.4,10,10.2,0.60233918128655
"39",0,0,0,1,0,0,0,0,0,0,0,0,1,0,0,0,0,0,0,2013,34.3,28.5,7.3,16.3,0.631578947368421
"40",0,0,0,1,0,0,0,0,0,0,0,0,0,0,1,0,0,0,0,2013,29.2,25.8,1.2,35.3,0.47953216374269
"41",0,0,0,1,0,0,0,0,0,0,0,0,0,0,0,1,0,0,0,2013,24.7,14.7,8.9,16.4,0.467836257309941
"42",0,0,0,1,0,0,0,0,0,0,0,0,0,1,0,0,0,0,0,2013,36.4,32,7.6,9.8,0.508771929824561
"43",0,0,0,1,0,0,0,0,0,0,0,0,0,0,0,0,0,1,0,2013,41.4,36.6,6.5,11.9,0.555555555555556
"44",0,0,0,1,0,0,0,0,0,0,0,0,0,0,0,0,0,0,1,2013,36.1,25.2,10,7.7,0.660818713450292
"45",0,0,0,1,0,0,0,0,0,0,0,0,0,0,0,0,1,0,0,2013,36.6,29.3,8.4,8.9,0.637426900584795
"46",0,0,0,1,0,0,0,0,0,0,0,0,1,0,0,0,0,0,0,2013,38.6,33.2,9.8,6,0.812865497076023
"47",0,0,0,1,0,0,0,0,0,0,0,0,0,0,1,0,0,0,0,2013,39.2,35.8,9.2,8.6,0.508771929824561
"48",0,0,0,1,0,0,0,0,0,0,0,0,0,0,0,1,0,0,0,2013,30.9,25.6,4.2,23.6,0.52046783625731
"49",0,0,0,1,0,0,0,0,0,0,0,0,0,1,0,0,0,0,0,2013,24.6,7.6,9.3,22,0.47953216374269
"50",0,0,0,1,0,0,0,0,0,0,0,0,0,0,0,0,0,1,0,2013,36.7,25.4,10,10.6,0.649122807017544
"51",0,0,0,1,0,0,0,0,0,0,0,0,0,0,0,0,0,0,1,2013,38.7,28.9,8.5,16.9,0.47953216374269
"52",0,0,0,1,0,0,0,0,0,0,0,0,0,0,0,0,1,0,0,2013,30.6,14.1,10,17.3,0.631578947368421
"53",0,0,0,1,0,0,0,0,0,0,0,0,1,0,0,0,0,0,0,2013,35.4,25.4,9.8,14.2,0.690058479532164
"54",0,0,0,1,0,0,0,0,0,0,0,0,0,0,1,0,0,0,0,2013,36.3,29.8,9.7,7,0.660818713450292
"55",0,0,0,1,0,0,0,0,0,0,0,0,0,0,0,1,0,0,0,2013,42.6,40.7,4.3,17.1,0.52046783625731
"56",0,0,0,1,0,0,0,0,0,0,0,0,0,1,0,0,0,0,0,2013,37.5,30.4,8.3,13.4,0.567251461988304
"57",0,0,0,1,0,0,0,0,0,0,0,0,0,0,0,0,0,1,0,2013,35,26.7,10,5,0.672514619883041
"58",0,0,0,1,0,0,0,0,0,0,0,0,0,0,0,0,0,0,1,2013,44.1,41,5.9,18,0.719298245614035
"59",0,0,0,1,0,0,0,0,0,0,0,0,0,0,0,0,1,0,0,2013,41.4,38.9,7.2,7.8,0.60233918128655
"60",0,0,0,0,0,0,0,1,0,0,0,0,1,0,0,0,0,0,0,2013,39.3,34.2,9.4,10.6,0.649122807017544
"61",0,0,0,0,0,0,0,1,0,0,0,0,0,0,1,0,0,0,0,2013,38.2,29.1,10,9.4,0.60233918128655
"62",0,0,0,0,0,0,0,1,0,0,0,0,0,0,0,1,0,0,0,2013,37.4,29.3,10,7.1,0.543859649122807
"63",0,0,0,0,0,0,0,1,0,0,0,0,0,1,0,0,0,0,0,2013,37,26.4,10,11.5,0.666666666666667
"64",0,0,0,0,0,0,0,1,0,0,0,0,0,0,0,0,0,1,0,2013,38.5,29.8,9.9,14.9,0.578947368421053
"65",0,0,0,0,0,0,0,1,0,0,0,0,0,0,0,0,0,0,1,2013,39.1,34.2,9.4,13.5,0.60233918128655
"66",0,0,0,0,0,0,0,1,0,0,0,0,0,0,0,0,1,0,0,2013,38.3,35.2,4.1,31.6,0.637426900584795
"67",0,0,0,0,0,0,0,1,0,0,0,0,1,0,0,0,0,0,0,2013,37.4,35.2,3.3,28.4,0.783625730994152
"68",0,0,0,0,0,0,0,1,0,0,0,0,0,0,1,0,0,0,0,2013,39.2,31.7,9.9,24.9,0.713450292397661
"69",0,0,0,0,0,0,0,1,0,0,0,0,0,0,0,1,0,0,0,2013,39,31.7,10,11.9,0.456140350877193
"70",0,0,0,0,0,0,0,1,0,0,0,0,0,1,0,0,0,0,0,2013,39.9,34.7,10,6.5,0.526315789473684
"71",0,0,0,0,0,0,0,1,0,0,0,0,0,0,0,0,0,1,0,2013,46,43.9,7.5,13.1,0.783625730994152
"72",0,0,0,0,0,0,0,1,0,0,0,0,0,0,0,0,0,0,1,2013,46.3,41.1,7.1,13.1,0.783625730994152
"73",0,0,0,0,0,0,0,1,0,0,0,0,0,0,0,0,1,0,0,2013,37,25.3,9.7,10.4,0.678362573099415
"74",0,0,0,0,0,0,0,1,0,0,0,0,1,0,0,0,0,0,0,2013,31.2,13.7,10,18.5,0.777777777777778
"75",0,0,0,0,0,0,0,1,0,0,0,0,0,0,1,0,0,0,0,2013,37.1,22,10,10.2,0.596491228070175
"76",0,0,0,0,0,0,0,1,0,0,0,0,0,0,0,1,0,0,0,2013,34.8,21.5,9.9,7.5,0.52046783625731
"77",0,0,0,0,0,0,0,1,0,0,0,0,0,1,0,0,0,0,0,2013,32.1,15.5,10,9,0.725146198830409
"78",0,0,0,0,0,0,0,1,0,0,0,0,0,0,0,0,0,1,0,2013,39.6,35.5,4.6,16.5,0.532163742690059
"79",0,0,0,0,0,0,0,1,0,0,0,0,0,0,0,0,0,0,1,2013,36.5,25.7,10,17.9,0.631578947368421
"80",0,0,0,0,0,0,0,1,0,0,0,0,0,0,0,0,1,0,0,2013,38.3,29.9,9.8,10.9,0.526315789473684
"81",0,0,0,0,0,0,0,1,0,0,0,0,1,0,0,0,0,0,0,2013,34.3,27.6,6.8,13.6,0.631578947368421
"82",0,0,0,0,0,0,0,1,0,0,0,0,0,0,1,0,0,0,0,2013,38.5,21.7,10,15.9,0.608187134502924
"83",0,0,0,0,0,0,0,1,0,0,0,0,0,0,0,1,0,0,0,2013,39.1,23.3,10,10.4,0.578947368421053
"84",0,0,0,0,0,0,0,1,0,0,0,0,0,1,0,0,0,0,0,2013,38.1,29.8,10,9.7,0.567251461988304
"85",0,0,0,0,0,0,0,1,0,0,0,0,0,0,0,0,0,1,0,2013,39.8,28.7,9.7,15.5,0.532163742690059
"86",0,0,0,0,0,0,0,1,0,0,0,0,0,0,0,0,0,0,1,2013,41.7,30.3,10,9.4,0.549707602339181
"87",0,0,0,0,0,0,0,1,0,0,0,0,0,0,0,0,1,0,0,2013,42.5,34.5,9.9,12.5,0.748538011695906
"88",0,0,0,0,0,0,0,1,0,0,0,0,1,0,0,0,0,0,0,2013,45.2,34.3,10,8.9,0.654970760233918
"89",0,0,0,0,0,0,0,1,0,0,0,0,0,0,1,0,0,0,0,2013,44.5,35.1,10,7,0.555555555555556
"90",0,0,0,0,0,0,0,1,0,0,0,0,0,0,0,1,0,0,0,2013,43,38.1,10,7.1,0.467836257309941
"91",1,0,0,0,0,0,0,0,0,0,0,0,0,1,0,0,0,0,0,2013,47,42.9,6.8,16.3,0.532163742690059
"92",1,0,0,0,0,0,0,0,0,0,0,0,0,0,0,0,0,1,0,2013,39.6,18.8,9.9,17.2,0.543859649122807
"93",1,0,0,0,0,0,0,0,0,0,0,0,0,0,0,0,0,0,1,2013,42.6,15.7,10,17,0.637426900584795
"94",1,0,0,0,0,0,0,0,0,0,0,0,0,0,0,0,1,0,0,2013,39,18.8,10,14,0.578947368421053
"95",1,0,0,0,0,0,0,0,0,0,0,0,1,0,0,0,0,0,0,2013,42.9,38.5,8.7,8,0.713450292397661
"96",1,0,0,0,0,0,0,0,0,0,0,0,0,0,1,0,0,0,0,2013,40.2,22,10,12.5,0.730994152046784
"97",1,0,0,0,0,0,0,0,0,0,0,0,0,0,0,1,0,0,0,2013,39.7,28.6,10,9.2,0.619883040935672
"98",1,0,0,0,0,0,0,0,0,0,0,0,0,1,0,0,0,0,0,2013,50,41.6,9.1,9.4,0.637426900584795
"99",1,0,0,0,0,0,0,0,0,0,0,0,0,0,0,0,0,1,0,2013,49.4,43.4,6.7,10.7,0.690058479532164
"100",1,0,0,0,0,0,0,0,0,0,0,0,0,0,0,0,0,0,1,2013,46.5,42,7.6,8.8,0.730994152046784
"101",1,0,0,0,0,0,0,0,0,0,0,0,0,0,0,0,1,0,0,2013,46.2,41,6.6,10,0.590643274853801
"102",1,0,0,0,0,0,0,0,0,0,0,0,1,0,0,0,0,0,0,2013,43.6,35.7,7.7,13.8,0.789473684210526
"103",1,0,0,0,0,0,0,0,0,0,0,0,0,0,1,0,0,0,0,2013,44.4,39.7,8.2,12.9,0.701754385964912
"104",1,0,0,0,0,0,0,0,0,0,0,0,0,0,0,1,0,0,0,2013,46.1,38.4,9.6,7.7,0.654970760233918
"105",1,0,0,0,0,0,0,0,0,0,0,0,0,1,0,0,0,0,0,2013,46.1,34.2,10,8.1,0.625730994152047
"106",1,0,0,0,0,0,0,0,0,0,0,0,0,0,0,0,0,1,0,2013,46,40.5,10,9.3,0.754385964912281
"107",1,0,0,0,0,0,0,0,0,0,0,0,0,0,0,0,0,0,1,2013,52.1,42.7,8.3,11,0.701754385964912
"108",1,0,0,0,0,0,0,0,0,0,0,0,0,0,0,0,1,0,0,2013,46.5,37.3,10,8.8,0.725146198830409
"109",1,0,0,0,0,0,0,0,0,0,0,0,1,0,0,0,0,0,0,2013,52.6,49.4,4.6,12.5,0.701754385964912
"110",1,0,0,0,0,0,0,0,0,0,0,0,0,0,1,0,0,0,0,2013,52.7,49.6,3.6,15.2,0.684210526315789
"111",1,0,0,0,0,0,0,0,0,0,0,0,0,0,0,1,0,0,0,2013,45.1,28.5,10,11.7,0.374269005847953
"112",1,0,0,0,0,0,0,0,0,0,0,0,0,1,0,0,0,0,0,2013,43,29.8,10,11.3,0.690058479532164
"113",1,0,0,0,0,0,0,0,0,0,0,0,0,0,0,0,0,1,0,2013,44.6,40,5.1,15,0.637426900584795
"114",1,0,0,0,0,0,0,0,0,0,0,0,0,0,0,0,0,0,1,2013,47.5,43.6,7,19.2,0.649122807017544
"115",1,0,0,0,0,0,0,0,0,0,0,0,0,0,0,0,1,0,0,2013,50.8,45.1,7.2,10.4,0.614035087719298
"116",1,0,0,0,0,0,0,0,0,0,0,0,1,0,0,0,0,0,0,2013,49.5,37.8,9.5,6.5,0.789473684210526
"117",1,0,0,0,0,0,0,0,0,0,0,0,0,0,1,0,0,0,0,2013,46.6,34.7,8.6,3.9,0.619883040935672
"118",1,0,0,0,0,0,0,0,0,0,0,0,0,0,0,1,0,0,0,2013,48,38.5,9.8,3.9,0.514619883040936
"119",1,0,0,0,0,0,0,0,0,0,0,0,0,1,0,0,0,0,0,2013,49.7,37.9,9.9,4.3,0.660818713450292
"120",1,0,0,0,0,0,0,0,0,0,0,0,0,0,0,0,0,1,0,2013,51,30.2,10,5.2,0.742690058479532
"121",0,0,0,0,0,0,0,0,1,0,0,0,0,0,0,0,0,0,1,2013,49.9,41.4,7.4,7,0.707602339181287
"122",0,0,0,0,0,0,0,0,1,0,0,0,0,0,0,0,1,0,0,2013,49.9,42,9.5,5,0.660818713450292
"123",0,0,0,0,0,0,0,0,1,0,0,0,1,0,0,0,0,0,0,2013,46.9,39.7,9.9,13.7,0.771929824561403
"124",0,0,0,0,0,0,0,0,1,0,0,0,0,0,1,0,0,0,0,2013,47.8,38.7,10,13.7,0.842105263157895
"125",0,0,0,0,0,0,0,0,1,0,0,0,0,0,0,1,0,0,0,2013,47.8,39.9,9.7,10.1,0.608187134502924
"126",0,0,0,0,0,0,0,0,1,0,0,0,0,1,0,0,0,0,0,2013,49.2,43.4,5.1,5.5,0.654970760233918
"127",0,0,0,0,0,0,0,0,1,0,0,0,0,0,0,0,0,1,0,2013,54.4,49.9,4.4,4.5,0.701754385964912
"128",0,0,0,0,0,0,0,0,1,0,0,0,0,0,0,0,0,0,1,2013,59.4,54.7,7.5,10.5,0.812865497076023
"129",0,0,0,0,0,0,0,0,1,0,0,0,0,0,0,0,1,0,0,2013,57.2,53.6,5,6.2,0.748538011695906
"130",0,0,0,0,0,0,0,0,1,0,0,0,1,0,0,0,0,0,0,2013,56.1,51,5.7,8.3,0.818713450292398
"131",0,0,0,0,0,0,0,0,1,0,0,0,0,0,1,0,0,0,0,2013,56.2,53.1,3.7,9.4,0.666666666666667
"132",0,0,0,0,0,0,0,0,1,0,0,0,0,0,0,1,0,0,0,2013,56.2,53.1,3.3,11,0.56140350877193
"133",0,0,0,0,0,0,0,0,1,0,0,0,0,1,0,0,0,0,0,2013,53.1,37.1,9.9,11.9,0.660818713450292
"134",0,0,0,0,0,0,0,0,1,0,0,0,0,0,0,0,0,1,0,2013,51,35.3,9.8,11.8,0.684210526315789
"135",0,0,0,0,0,0,0,0,1,0,0,0,0,0,0,0,0,0,1,2013,53.1,44.5,10,12.1,0.590643274853801
"136",0,0,0,0,0,0,0,0,1,0,0,0,0,0,0,0,1,0,0,2013,57.7,50.1,7.1,12.5,0.742690058479532
"137",0,0,0,0,0,0,0,0,1,0,0,0,1,0,0,0,0,0,0,2013,58.2,43.9,9.9,10.7,0.947368421052632
"138",0,0,0,0,0,0,0,0,1,0,0,0,0,0,1,0,0,0,0,2013,54.6,45.2,10,5.1,0.666666666666667
"139",0,0,0,0,0,0,0,0,1,0,0,0,0,0,0,1,0,0,0,2013,56.3,49.4,9.3,6.6,0.614035087719298
"140",0,0,0,0,0,0,0,0,1,0,0,0,0,1,0,0,0,0,0,2013,57.5,54.5,2.9,10.3,0.830409356725146
"141",0,0,0,0,0,0,0,0,1,0,0,0,0,0,0,0,0,1,0,2013,58,55.5,0.3,7.8,0.812865497076023
"142",0,0,0,0,0,0,0,0,1,0,0,0,0,0,0,0,0,0,1,2013,57.8,55.1,2.5,7.1,0.760233918128655
"143",0,0,0,0,0,0,0,0,1,0,0,0,0,0,0,0,1,0,0,2013,61.5,57.6,3,13.3,1
"144",0,0,0,0,0,0,0,0,1,0,0,0,1,0,0,0,0,0,0,2013,61,58.7,2.1,14,0.859649122807018
"145",0,0,0,0,0,0,0,0,1,0,0,0,0,0,1,0,0,0,0,2013,55.6,52.3,4.6,7.6,0.590643274853801
"146",0,0,0,0,0,0,0,0,1,0,0,0,0,0,0,1,0,0,0,2013,50.2,41.8,9.3,13.9,0.543859649122807
"147",0,0,0,0,0,0,0,0,1,0,0,0,0,1,0,0,0,0,0,2013,56.9,42.8,10,14.1,0.421052631578947
"148",0,0,0,0,0,0,0,0,1,0,0,0,0,0,0,0,0,1,0,2013,56.6,49.6,9.9,6.4,0.707602339181287
"149",0,0,0,0,0,0,0,0,1,0,0,0,0,0,0,0,0,0,1,2013,57.9,54.7,4.9,10.9,0.760233918128655
"150",0,0,0,0,0,0,0,0,1,0,0,0,0,0,0,0,1,0,0,2013,60.9,56.2,6.1,11.6,0.830409356725146
"151",0,0,0,0,0,0,0,0,1,0,0,0,1,0,0,0,0,0,0,2013,62,56.8,6.7,9,0.883040935672515
"152",0,0,0,0,0,0,1,0,0,0,0,0,0,0,0,1,0,0,0,2013,61.3,57,8.9,9.2,0.567251461988304
"153",0,0,0,0,0,0,1,0,0,0,0,0,0,1,0,0,0,0,0,2013,63.2,59.2,7,9.1,0.684210526315789
"154",0,0,0,0,0,0,1,0,0,0,0,0,0,0,0,0,0,1,0,2013,60.9,58.6,3.1,4.9,0.742690058479532
"155",0,0,0,0,0,0,1,0,0,0,0,0,0,0,0,0,0,0,1,2013,62.6,54.4,8.4,12.2,0.83625730994152
"156",0,0,0,0,0,0,1,0,0,0,0,0,0,0,0,0,1,0,0,2013,60.6,53.1,9.6,5.6,0.649122807017544
"157",0,0,0,0,0,0,1,0,0,0,0,0,1,0,0,0,0,0,0,2013,62,56.1,10,8.3,0.929824561403509
"158",0,0,0,0,0,0,1,0,0,0,0,0,0,0,1,0,0,0,0,2013,63.4,58.5,10,8.2,0.707602339181287
"159",0,0,0,0,0,0,1,0,0,0,0,0,0,0,0,1,0,0,0,2013,64.9,60.9,9.8,9,0.543859649122807
"160",0,0,0,0,0,0,1,0,0,0,0,0,0,1,0,0,0,0,0,2013,66.8,64.5,2.8,12.1,0.906432748538012
"161",0,0,0,0,0,0,1,0,0,0,0,0,0,0,0,0,0,1,0,2013,69.7,63.8,8.4,10.2,0.760233918128655
"162",0,0,0,0,0,0,1,0,0,0,0,0,0,0,0,0,0,0,1,2013,69.5,64.6,6.1,9.9,0.783625730994152
"163",0,0,0,0,0,0,1,0,0,0,0,0,0,0,0,0,1,0,0,2013,65.5,64,3.1,5.4,0.795321637426901
"164",0,0,0,0,0,0,1,0,0,0,0,0,1,0,0,0,0,0,0,2013,66.1,64.8,2.1,12.9,0.795321637426901
"165",0,0,0,0,0,0,1,0,0,0,0,0,0,0,1,0,0,0,0,2013,66.2,64.9,1.4,13.7,0.660818713450292
"166",0,0,0,0,0,0,1,0,0,0,0,0,0,0,0,1,0,0,0,2013,65.4,64.2,1.9,8.8,0.614035087719298
"167",0,0,0,0,0,0,1,0,0,0,0,0,0,0,1,0,0,0,0,2013,60.9,57,7,10.9,0.684210526315789
"168",0,0,0,0,0,0,1,0,0,0,0,0,0,0,0,1,0,0,0,2013,61.8,58.6,4.6,12.6,0.56140350877193
"169",0,0,0,0,0,0,1,0,0,0,0,0,0,1,0,0,0,0,0,2013,60.8,59.8,2,12.7,0.830409356725146
"170",0,0,0,0,0,0,1,0,0,0,0,0,0,0,0,0,0,1,0,2013,61.8,51,7.5,8.7,0.719298245614035
"171",0,0,0,0,0,0,1,0,0,0,0,0,0,0,0,0,0,0,1,2013,58.6,45.6,9.8,5.7,0.625730994152047
"172",0,0,0,0,0,0,1,0,0,0,0,0,0,0,0,0,1,0,0,2013,58.6,51,10,7.5,0.754385964912281
"173",0,0,0,0,0,0,1,0,0,0,0,0,1,0,0,0,0,0,0,2013,56.1,53.2,7.7,11.8,0.953216374269006
"174",0,0,0,0,0,0,1,0,0,0,0,0,0,0,1,0,0,0,0,2013,62.3,59.6,4.8,19.1,0.596491228070175
"175",0,0,0,0,0,0,1,0,0,0,0,0,0,0,0,1,0,0,0,2013,63.6,57.2,6.9,8.1,0.631578947368421
"176",0,0,0,0,0,0,1,0,0,0,0,0,0,1,0,0,0,0,0,2013,62.2,56.1,9.3,6,0.725146198830409
"177",0,0,0,0,0,0,1,0,0,0,0,0,0,0,0,0,0,1,0,2013,60.8,59.5,1.8,13.2,0.690058479532164
"178",0,0,0,0,0,0,1,0,0,0,0,0,0,0,0,0,0,0,1,2013,64,55.9,8.1,14,0.807017543859649
"179",0,0,0,0,0,0,1,0,0,0,0,0,0,0,0,0,1,0,0,2013,60.8,52.4,10,8.7,0.672514619883041
"180",0,0,0,0,0,0,1,0,0,0,0,0,1,0,0,0,0,0,0,2013,55,50.7,7,18.3,0.91812865497076
"181",0,0,0,0,0,0,1,0,0,0,0,0,0,0,1,0,0,0,0,2013,62.4,52.3,10,7.4,0.719298245614035
"182",0,0,0,0,0,1,0,0,0,0,0,0,0,1,0,0,0,0,0,2013,66.7,65.3,4.1,10.4,0.783625730994152
"183",0,0,0,0,0,1,0,0,0,0,0,0,0,0,0,0,0,1,0,2013,67.7,65.5,4,9.5,0.678362573099415
"184",0,0,0,0,0,1,0,0,0,0,0,0,0,0,0,0,0,0,1,2013,68.7,67.2,2.5,9.5,0.719298245614035
"185",0,0,0,0,0,1,0,0,0,0,0,0,0,0,0,0,1,0,0,2013,69.8,68,1.8,11.9,0.380116959064327
"186",0,0,0,0,0,1,0,0,0,0,0,0,1,0,0,0,0,0,0,2013,71.6,68.2,6.8,12.4,0.60233918128655
"187",0,0,0,0,0,1,0,0,0,0,0,0,0,0,1,0,0,0,0,2013,73,69.2,8.1,13.1,0.473684210526316
"188",0,0,0,0,0,1,0,0,0,0,0,0,0,0,0,1,0,0,0,2013,74.4,69.8,9,9.1,0.543859649122807
"189",0,0,0,0,0,1,0,0,0,0,0,0,0,1,0,0,0,0,0,2013,72.6,68.9,6.7,10.7,0.713450292397661
"190",0,0,0,0,0,1,0,0,0,0,0,0,0,0,0,0,0,1,0,2013,72.7,69.3,5.7,7,0.666666666666667
"191",0,0,0,0,0,1,0,0,0,0,0,0,0,0,0,0,0,0,1,2013,71.1,69.7,1.9,7.1,0.742690058479532
"192",0,0,0,0,0,1,0,0,0,0,0,0,0,0,0,0,1,0,0,2013,71.8,69.7,4.9,9.5,0.736842105263158
"193",0,0,0,0,0,1,0,0,0,0,0,0,1,0,0,0,0,0,0,2013,69.4,67.8,3.1,6.7,0.801169590643275
"194",0,0,0,0,0,1,0,0,0,0,0,0,0,0,1,0,0,0,0,2013,67.9,66.3,3.3,6.2,0.619883040935672
"195",0,0,0,0,0,1,0,0,0,0,0,0,0,0,0,1,0,0,0,2013,72.9,70.5,4.5,5.3,0.532163742690059
"196",0,0,0,0,0,1,0,0,0,0,0,0,0,1,0,0,0,0,0,2013,76.3,71.2,9.3,5.7,0.690058479532164
"197",0,0,0,0,0,1,0,0,0,0,0,0,0,0,0,0,0,1,0,2013,77.4,68.4,8.3,7.3,0.678362573099415
"198",0,0,0,0,0,1,0,0,0,0,0,0,0,0,0,0,0,0,1,2013,72.9,65.8,9.9,5.6,0.684210526315789
"199",0,0,0,0,0,1,0,0,0,0,0,0,0,0,0,0,1,0,0,2013,75.6,69.6,8.1,6.8,0.760233918128655
"200",0,0,0,0,0,1,0,0,0,0,0,0,1,0,0,0,0,0,0,2013,73.9,71.4,2.8,9.6,0.923976608187134
"201",0,0,0,0,0,1,0,0,0,0,0,0,0,0,1,0,0,0,0,2013,74.5,71.7,3.3,11.8,0.614035087719298
"202",0,0,0,0,0,1,0,0,0,0,0,0,0,0,0,1,0,0,0,2013,72.8,69.1,6.6,5.3,0.485380116959064
"203",0,0,0,0,0,1,0,0,0,0,0,0,0,1,0,0,0,0,0,2013,68.3,65.9,5.6,5.1,0.631578947368421
"204",0,0,0,0,0,1,0,0,0,0,0,0,0,0,0,0,0,1,0,2013,72.1,70,3.7,8.1,0.666666666666667
"205",0,0,0,0,0,1,0,0,0,0,0,0,0,0,0,0,0,0,1,2013,74.9,71.6,5.7,8.4,0.812865497076023
"206",0,0,0,0,0,1,0,0,0,0,0,0,0,0,0,0,1,0,0,2013,67.7,62.8,9.7,13.8,0.690058479532164
"207",0,0,0,0,0,1,0,0,0,0,0,0,1,0,0,0,0,0,0,2013,66.1,64.4,6,15,0.900584795321637
"208",0,0,0,0,0,1,0,0,0,0,0,0,0,0,1,0,0,0,0,2013,69.1,66.1,9.6,8.8,0.725146198830409
"209",0,0,0,0,0,1,0,0,0,0,0,0,0,0,0,1,0,0,0,2013,69.8,68,5.7,6.5,0.590643274853801
"210",0,0,0,0,0,1,0,0,0,0,0,0,0,1,0,0,0,0,0,2013,69.2,67.1,6.5,5.3,0.766081871345029
"211",0,0,0,0,0,1,0,0,0,0,0,0,0,0,0,0,0,1,0,2013,71.2,64.3,7.8,7.8,0.672514619883041
"212",0,0,0,0,0,1,0,0,0,0,0,0,0,0,0,0,0,0,1,2013,70.6,62.6,10,6.7,0.754385964912281
"213",0,1,0,0,0,0,0,0,0,0,0,0,0,0,0,0,1,0,0,2013,68.9,64.7,9.8,5.3,0.736842105263158
"214",0,1,0,0,0,0,0,0,0,0,0,0,1,0,0,0,0,0,0,2013,69.7,66,9.5,8.3,0.771929824561403
"215",0,1,0,0,0,0,0,0,0,0,0,0,0,0,1,0,0,0,0,2013,69.3,66.1,7.2,10.9,0.660818713450292
"216",0,1,0,0,0,0,0,0,0,0,0,0,0,0,0,1,0,0,0,2013,69.4,61.9,9,8.3,0.60233918128655
"217",0,1,0,0,0,0,0,0,0,0,0,0,0,1,0,0,0,0,0,2013,68.1,54.5,10,12.2,0.660818713450292
"218",0,1,0,0,0,0,0,0,0,0,0,0,0,0,0,0,0,1,0,2013,66.2,54.5,10,5.3,0.672514619883041
"219",0,1,0,0,0,0,0,0,0,0,0,0,0,0,0,0,0,0,1,2013,64.5,55.9,9.9,5.1,0.596491228070175
"220",0,1,0,0,0,0,0,0,0,0,0,0,0,0,0,0,1,0,0,2013,67.8,64,10,6.7,0.713450292397661
"221",0,1,0,0,0,0,0,0,0,0,0,0,1,0,0,0,0,0,0,2013,70.7,68.8,9.3,13.1,0.649122807017544
"222",0,1,0,0,0,0,0,0,0,0,0,0,0,0,1,0,0,0,0,2013,72.4,66.5,6.4,11.2,0.631578947368421
"223",0,1,0,0,0,0,0,0,0,0,0,0,0,0,0,1,0,0,0,2013,69.5,56.7,10,7.5,0.485380116959064
"224",0,1,0,0,0,0,0,0,0,0,0,0,0,1,0,0,0,0,0,2013,68.2,63.2,10,7.2,0.631578947368421
"225",0,1,0,0,0,0,0,0,0,0,0,0,0,0,0,0,0,1,0,2013,67.8,66.7,4.6,3.4,0.736842105263158
"226",0,1,0,0,0,0,0,0,0,0,0,0,0,0,0,0,0,0,1,2013,68.4,59.6,8.3,9.6,0.748538011695906
"227",0,1,0,0,0,0,0,0,0,0,0,0,0,0,0,0,1,0,0,2013,67.2,52.7,10,10.2,0.812865497076023
"228",0,1,0,0,0,0,0,0,0,0,0,0,1,0,0,0,0,0,0,2013,67.4,59.7,10,8.2,0.883040935672515
"229",0,1,0,0,0,0,0,0,0,0,0,0,0,0,1,0,0,0,0,2013,67.3,59.8,10,3.2,0.578947368421053
"230",0,1,0,0,0,0,0,0,0,0,0,0,0,0,0,1,0,0,0,2013,64.8,58.4,8.4,3.3,0.619883040935672
"231",0,1,0,0,0,0,0,0,0,0,0,0,0,1,0,0,0,0,0,2013,65.5,60.8,9.5,8.1,0.584795321637427
"232",0,1,0,0,0,0,0,0,0,0,0,0,0,0,0,0,0,1,0,2013,71,64.7,9.5,7,0.654970760233918
"233",0,1,0,0,0,0,0,0,0,0,0,0,0,0,0,0,0,0,1,2013,70.3,66.7,7.1,6.5,0.742690058479532
"234",0,1,0,0,0,0,0,0,0,0,0,0,0,0,0,0,1,0,0,2013,70.5,68.9,3.9,9.8,0.742690058479532
"235",0,1,0,0,0,0,0,0,0,0,0,0,1,0,0,0,0,0,0,2013,70.6,65,7.8,12.1,0.812865497076023
"236",0,1,0,0,0,0,0,0,0,0,0,0,0,0,1,0,0,0,0,2013,66.2,55.2,10,10.7,0.538011695906433
"237",0,1,0,0,0,0,0,0,0,0,0,0,0,0,0,1,0,0,0,2013,64,54.6,10,6.7,0.578947368421053
"238",0,1,0,0,0,0,0,0,0,0,0,0,0,1,0,0,0,0,0,2013,68.3,64.1,10,11.2,0.619883040935672
"239",0,1,0,0,0,0,0,0,0,0,0,0,0,0,0,0,0,1,0,2013,68,66.6,4.5,8,0.701754385964912
"240",0,1,0,0,0,0,0,0,0,0,0,0,0,0,0,0,0,0,1,2013,66.4,64.6,3.9,6.8,0.64327485380117
"241",0,1,0,0,0,0,0,0,0,0,0,0,0,0,0,0,1,0,0,2013,65.7,63.7,5.8,11.3,0.713450292397661
"242",0,1,0,0,0,0,0,0,0,0,0,0,1,0,0,0,0,0,0,2013,65,59.2,9.9,10.8,0.637426900584795
"243",0,1,0,0,0,0,0,0,0,0,0,0,0,0,1,0,0,0,0,2013,69.4,67,7,10.9,0.543859649122807
"244",0,0,0,0,0,0,0,0,0,0,0,1,0,0,0,1,0,0,0,2013,70.7,68.3,7.5,10.1,0.491228070175439
"245",0,0,0,0,0,0,0,0,0,0,0,1,0,1,0,0,0,0,0,2013,70.8,68.7,7,7.7,0.450292397660819
"246",0,0,0,0,0,0,0,0,0,0,0,1,0,0,0,0,0,1,0,2013,70.1,69,2,6.8,0.713450292397661
"247",0,0,0,0,0,0,0,0,0,0,0,1,0,0,0,0,0,0,1,2013,68.5,61.9,8.9,8.8,0.742690058479532
"248",0,0,0,0,0,0,0,0,0,0,0,1,0,0,0,0,1,0,0,2013,67.4,62.1,10,10.4,0.625730994152047
"249",0,0,0,0,0,0,0,0,0,0,0,1,1,0,0,0,0,0,0,2013,60.3,47.8,10,5.3,0.60233918128655
"250",0,0,0,0,0,0,0,0,0,0,0,1,0,0,1,0,0,0,0,2013,63.6,50.4,10,10.2,0.789473684210526
"251",0,0,0,0,0,0,0,0,0,0,0,1,0,0,0,1,0,0,0,2013,68,59.3,10,13.3,0.549707602339181
"252",0,0,0,0,0,0,0,0,0,0,0,1,0,1,0,0,0,0,0,2013,59.8,42.5,10,8.2,0.777777777777778
"253",0,0,0,0,0,0,0,0,0,0,0,1,0,0,0,0,0,1,0,2013,65.5,57.5,10,10.1,0.847953216374269
"254",0,0,0,0,0,0,0,0,0,0,0,1,0,0,0,0,0,0,1,2013,69.9,66.8,6.8,10.9,0.760233918128655
"255",0,0,0,0,0,0,0,0,0,0,0,1,0,0,0,0,1,0,0,2013,70.2,67.6,5.3,11.4,0.871345029239766
"256",0,0,0,0,0,0,0,0,0,0,0,1,1,0,0,0,0,0,0,2013,69.1,67,6.1,8.9,0.847953216374269
"257",0,0,0,0,0,0,0,0,0,0,0,1,0,0,1,0,0,0,0,2013,64.5,57.6,10,9.1,0.672514619883041
"258",0,0,0,0,0,0,0,0,0,0,0,1,0,0,0,1,0,0,0,2013,61.2,50.7,10,6.6,0.56140350877193
"259",0,0,0,0,0,0,0,0,0,0,0,1,0,1,0,0,0,0,0,2013,62.4,54.8,10,7.4,0.748538011695906
"260",0,0,0,0,0,0,0,0,0,0,0,1,0,0,0,0,0,1,0,2013,56.1,43.1,10,16.3,0.725146198830409
"261",0,0,0,0,0,0,0,0,0,0,0,1,0,0,0,0,0,0,1,2013,56.1,42.7,10,5.8,0.596491228070175
"262",0,0,0,0,0,0,0,0,0,0,0,1,0,0,0,0,1,0,0,2013,62.4,54.6,10,9.6,0.783625730994152
"263",0,0,0,0,0,0,0,0,0,0,0,1,1,0,0,0,0,0,0,2013,62.6,58.5,9.5,6.2,0.771929824561403
"264",0,0,0,0,0,0,0,0,0,0,0,1,0,0,1,0,0,0,0,2013,63.6,60.3,9.9,7.8,0.690058479532164
"265",0,0,0,0,0,0,0,0,0,0,0,1,0,0,0,1,0,0,0,2013,66.3,63.4,8.8,9.8,0.695906432748538
"266",0,0,0,0,0,0,0,0,0,0,0,1,0,1,0,0,0,0,0,2013,57.5,44.9,10,10.4,0.789473684210526
"267",0,0,0,0,0,0,0,0,0,0,0,1,0,0,0,0,0,1,0,2013,54.5,42.7,10,8.4,0.766081871345029
"268",0,0,0,0,0,0,0,0,0,0,0,1,0,0,0,0,0,0,1,2013,55.3,45.3,10,4.5,0.637426900584795
"269",0,0,0,0,0,0,0,0,0,0,0,1,0,0,0,0,1,0,0,2013,56.8,46.4,10,8,0.64327485380117
"270",0,0,0,0,0,0,0,0,0,0,0,1,1,0,0,0,0,0,0,2013,58.1,51.2,10,11.5,0.637426900584795
"271",0,0,0,0,0,0,0,0,0,0,0,1,0,0,1,0,0,0,0,2013,59.2,50.1,10,7.4,0.760233918128655
"272",0,0,0,0,0,0,0,0,0,0,0,1,0,0,0,1,0,0,0,2013,54.9,50.1,10,7.8,0.614035087719298
"273",0,0,0,0,0,0,0,0,0,0,0,1,0,1,0,0,0,0,0,2013,59.5,54.3,9.8,10.4,0.684210526315789
"274",0,0,0,0,0,0,0,0,0,0,1,0,0,0,0,0,0,1,0,2013,62.1,51.8,10,8,0.719298245614035
"275",0,0,0,0,0,0,0,0,0,0,1,0,0,0,0,0,0,0,1,2013,64.8,58.1,9.3,8.7,0.777777777777778
"276",0,0,0,0,0,0,0,0,0,0,1,0,0,0,0,0,1,0,0,2013,65.8,56.3,10,6.5,0.754385964912281
"277",0,0,0,0,0,0,0,0,0,0,1,0,1,0,0,0,0,0,0,2013,62.8,57.5,9.3,5.2,0.865497076023392
"278",0,0,0,0,0,0,0,0,0,0,1,0,0,0,1,0,0,0,0,2013,61.3,57.7,9.6,4.2,0.654970760233918
"279",0,0,0,0,0,0,0,0,0,0,1,0,0,0,0,1,0,0,0,2013,59.1,54.8,6.9,7.2,0.456140350877193
"280",0,0,0,0,0,0,0,0,0,0,1,0,0,1,0,0,0,0,0,2013,65.7,62.3,8.5,11.9,0.707602339181287
"281",0,0,0,0,0,0,0,0,0,0,1,0,0,0,0,0,0,1,0,2013,61.5,51.6,8.7,12.2,0.678362573099415
"282",0,0,0,0,0,0,0,0,0,0,1,0,0,0,0,0,0,0,1,2013,56.4,44.3,10,11.6,0.614035087719298
"283",0,0,0,0,0,0,0,0,0,0,1,0,0,0,0,0,1,0,0,2013,58.4,52.6,10,11.6,0.713450292397661
"284",0,0,0,0,0,0,0,0,0,0,1,0,1,0,0,0,0,0,0,2013,60.6,56.6,10,13.3,0.923976608187134
"285",0,0,0,0,0,0,0,0,0,0,1,0,0,0,1,0,0,0,0,2013,58.6,53.4,10,13.2,0.666666666666667
"286",0,0,0,0,0,0,0,0,0,0,1,0,0,0,0,1,0,0,0,2013,55.1,45.6,10,11.4,0.590643274853801
"287",0,0,0,0,0,0,0,0,0,0,1,0,0,1,0,0,0,0,0,2013,51.5,44,10,4.6,0.432748538011696
"288",0,0,0,0,0,0,0,0,0,0,1,0,0,0,0,0,0,1,0,2013,53.9,47.3,10,6.3,0.690058479532164
"289",0,0,0,0,0,0,0,0,0,0,1,0,0,0,0,0,0,0,1,2013,57.5,55.4,6.2,9.3,0.766081871345029
"290",0,0,0,0,0,0,0,0,0,0,1,0,0,0,0,0,1,0,0,2013,59.4,57.4,7.9,6.1,0.666666666666667
"291",0,0,0,0,0,0,0,0,0,0,1,0,1,0,0,0,0,0,0,2013,62.3,57,8.8,11,0.859649122807018
"292",0,0,0,0,0,0,0,0,0,0,1,0,0,0,1,0,0,0,0,2013,57.3,45,10,6.2,0.654970760233918
"293",0,0,0,0,0,0,0,0,0,0,1,0,0,0,0,1,0,0,0,2013,58.3,47.4,10,9.4,0.649122807017544
"294",0,0,0,0,0,0,0,0,0,0,1,0,0,1,0,0,0,0,0,2013,54.4,41.1,10,7.1,0.672514619883041
"295",0,0,0,0,0,0,0,0,0,0,1,0,0,0,0,0,0,1,0,2013,59.1,52.4,10,6.1,0.590643274853801
"296",0,0,0,0,0,0,0,0,0,0,1,0,0,0,0,0,0,0,1,2013,52.5,44.6,9.8,7.9,0.766081871345029
"297",0,0,0,0,0,0,0,0,0,0,1,0,0,0,0,0,1,0,0,2013,48.4,34.5,9.9,10.8,0.888888888888889
"298",0,0,0,0,0,0,0,0,0,0,1,0,1,0,0,0,0,0,0,2013,48,30.2,10,9.2,0.725146198830409
"299",0,0,0,0,0,0,0,0,0,0,1,0,0,0,1,0,0,0,0,2013,49,32.9,10,13.7,0.719298245614035
"300",0,0,0,0,0,0,0,0,0,0,1,0,0,0,0,1,0,0,0,2013,54.3,38.7,10,13.8,0.573099415204678
"301",0,0,0,0,0,0,0,0,0,0,1,0,0,1,0,0,0,0,0,2013,50.7,33,10,10.3,0.736842105263158
"302",0,0,0,0,0,0,0,0,0,0,1,0,0,0,0,0,0,1,0,2013,47.5,34.1,10,6.8,0.690058479532164
"303",0,0,0,0,0,0,0,0,0,0,1,0,0,0,0,0,0,0,1,2013,46.8,38.6,10,5.2,0.725146198830409
"304",0,0,0,0,0,0,0,0,0,0,1,0,0,0,0,0,1,0,0,2013,54.8,50.9,9.1,6,0.725146198830409
"305",0,0,0,0,0,0,0,0,0,1,0,0,1,0,0,0,0,0,0,2013,62.3,59.7,6.3,18.2,0.95906432748538
"306",0,0,0,0,0,0,0,0,0,1,0,0,0,0,1,0,0,0,0,2013,57.4,55.2,6.4,5.6,0.672514619883041
"307",0,0,0,0,0,0,0,0,0,1,0,0,0,0,0,1,0,0,0,2013,49.4,43.7,8.8,12,0.514619883040936
"308",0,0,0,0,0,0,0,0,0,1,0,0,0,1,0,0,0,0,0,2013,42,26,10,13.9,0.625730994152047
"309",0,0,0,0,0,0,0,0,0,1,0,0,0,0,0,0,0,1,0,2013,43.5,30.4,10,3.9,0.678362573099415
"310",0,0,0,0,0,0,0,0,0,1,0,0,0,0,0,0,0,0,1,2013,46.5,41.4,10,3.7,0.789473684210526
"311",0,0,0,0,0,0,0,0,0,1,0,0,0,0,0,0,1,0,0,2013,57.8,55.7,7.1,11.4,0.690058479532164
"312",0,0,0,0,0,0,0,0,0,1,0,0,1,0,0,0,0,0,0,2013,47.1,32,10,13.7,0.812865497076023
"313",0,0,0,0,0,0,0,0,0,1,0,0,0,0,1,0,0,0,0,2013,41.7,22.4,10,12.9,0.807017543859649
"314",0,0,0,0,0,0,0,0,0,1,0,0,0,0,0,1,0,0,0,2013,52.5,39.7,10,13,0.596491228070175
"315",0,0,0,0,0,0,0,0,0,1,0,0,0,1,0,0,0,0,0,2013,47.1,30.4,10,15.9,0.608187134502924
"316",0,0,0,0,0,0,0,0,0,1,0,0,0,0,0,0,0,1,0,2013,45.7,36.8,8.5,16.5,0.795321637426901
"317",0,0,0,0,0,0,0,0,0,1,0,0,0,0,0,0,0,0,1,2013,33.5,20.7,10,12.6,0.660818713450292
"318",0,0,0,0,0,0,0,0,0,1,0,0,0,0,0,0,1,0,0,2013,42.8,27.4,10,14.2,0.783625730994152
"319",0,0,0,0,0,0,0,0,0,1,0,0,1,0,0,0,0,0,0,2013,53,39.1,10,12.3,0.859649122807018
"320",0,0,0,0,0,0,0,0,0,1,0,0,0,0,1,0,0,0,0,2013,51.2,43.6,9.6,6.5,0.649122807017544
"321",0,0,0,0,0,0,0,0,0,1,0,0,0,0,0,1,0,0,0,2013,48.9,45.9,6.8,7,0.514619883040936
"322",0,0,0,0,0,0,0,0,0,1,0,0,0,1,0,0,0,0,0,2013,55.9,53.7,5,13.5,0.649122807017544
"323",0,0,0,0,0,0,0,0,0,1,0,0,0,0,0,0,0,1,0,2013,47,29.2,9.8,14,0.695906432748538
"324",0,0,0,0,0,0,0,0,0,1,0,0,0,0,0,0,0,0,1,2013,38,21.5,10,14.5,0.678362573099415
"325",0,0,0,0,0,0,0,0,0,1,0,0,0,0,0,0,1,0,0,2013,39,26.7,10,4.9,0.818713450292398
"326",0,0,0,0,0,0,0,0,0,1,0,0,1,0,0,0,0,0,0,2013,46.2,41.9,9.4,5.6,0.941520467836257
"327",0,0,0,0,0,0,0,0,0,1,0,0,0,0,1,0,0,0,0,2013,47.3,34.3,9.6,9.9,0.678362573099415
"328",0,0,0,0,0,0,0,0,0,1,0,0,0,0,0,1,0,0,0,2013,30.5,9.2,10,18.3,0.578947368421053
"329",0,0,0,0,0,0,0,0,0,1,0,0,0,1,0,0,0,0,0,2013,27,4.4,10,15.4,0.766081871345029
"330",0,0,0,0,0,0,0,0,0,1,0,0,0,0,0,0,0,0,1,2013,53.3,51.9,5.2,20,0.713450292397661
"331",0,0,0,0,0,0,0,0,0,1,0,0,0,0,0,0,1,0,0,2013,40.1,28.4,9.4,14.9,0.409356725146199
"332",0,0,0,0,0,0,0,0,0,1,0,0,1,0,0,0,0,0,0,2013,31.2,12.9,10,8.7,0.491228070175439
"333",0,0,0,0,0,0,0,0,0,1,0,0,0,0,1,0,0,0,0,2013,31.3,15.4,10,6.5,0.56140350877193
"334",0,0,1,0,0,0,0,0,0,0,0,0,0,0,0,1,0,0,0,2013,43.1,35,9.8,10.9,0.491228070175439
"335",0,0,1,0,0,0,0,0,0,0,0,0,0,1,0,0,0,0,0,2013,44,42.1,7,7.1,0.649122807017544
"336",0,0,1,0,0,0,0,0,0,0,0,0,0,0,0,0,0,1,0,2013,41.8,38.2,10,11.7,0.730994152046784
"337",0,0,1,0,0,0,0,0,0,0,0,0,0,0,0,0,0,0,1,2013,39.8,31.7,9.8,6.4,0.666666666666667
"338",0,0,1,0,0,0,0,0,0,0,0,0,0,0,0,0,1,0,0,2013,43.4,40.5,8.3,7.4,0.649122807017544
"339",0,0,1,0,0,0,0,0,0,0,0,0,1,0,0,0,0,0,0,2013,50.6,49.7,3,8.4,0.994152046783626
"340",0,0,1,0,0,0,0,0,0,0,0,0,0,0,1,0,0,0,0,2013,39.7,34.5,7.8,11.8,0.684210526315789
"341",0,0,1,0,0,0,0,0,0,0,0,0,0,0,0,1,0,0,0,2013,34,19.4,10,8.8,0.555555555555556
"342",0,0,1,0,0,0,0,0,0,0,0,0,0,1,0,0,0,0,0,2013,40.8,36.3,6.8,11.2,0.666666666666667
"343",0,0,1,0,0,0,0,0,0,0,0,0,0,0,0,0,0,1,0,2013,38.8,35.1,6.7,9.1,0.637426900584795
"344",0,0,1,0,0,0,0,0,0,0,0,0,0,0,0,0,0,0,1,2013,31.8,20.6,9.9,12.8,0.766081871345029
"345",0,0,1,0,0,0,0,0,0,0,0,0,0,0,0,0,1,0,0,2013,28.1,11.3,10,11.5,0.871345029239766
"346",0,0,1,0,0,0,0,0,0,0,0,0,1,0,0,0,0,0,0,2013,28.1,12,9.9,12.7,0.912280701754386
"347",0,0,1,0,0,0,0,0,0,0,0,0,0,0,1,0,0,0,0,2013,26.9,15.8,8.1,10.7,0.725146198830409
"348",0,0,1,0,0,0,0,0,0,0,0,0,0,0,0,1,0,0,0,2013,40,37.1,5.8,18.9,0.549707602339181
"349",0,0,1,0,0,0,0,0,0,0,0,0,0,1,0,0,0,0,0,2013,32,15.5,10,12.5,0.812865497076023
"350",0,0,1,0,0,0,0,0,0,0,0,0,0,0,0,0,0,1,0,2013,28.6,15.9,9,9.6,0.666666666666667
"351",0,0,1,0,0,0,0,0,0,0,0,0,0,0,0,0,0,0,1,2013,35.4,30.1,8.7,13,0.824561403508772
"352",0,0,1,0,0,0,0,0,0,0,0,0,0,0,0,0,1,0,0,2013,39.1,27.5,10,13.8,0.695906432748538
"353",0,0,1,0,0,0,0,0,0,0,0,0,1,0,0,0,0,0,0,2013,42.5,37.5,8.3,7.4,0.754385964912281
"354",0,0,1,0,0,0,0,0,0,0,0,0,0,0,1,0,0,0,0,2013,47.6,45.6,5.5,9,0.555555555555556
"355",0,0,1,0,0,0,0,0,0,0,0,0,0,0,0,1,0,0,0,2013,51.9,51.2,2.1,15.2,0.637426900584795
"356",0,0,1,0,0,0,0,0,0,0,0,0,0,1,0,0,0,0,0,2013,48.7,47.5,3.5,6.7,0.783625730994152
"357",0,0,1,0,0,0,0,0,0,0,0,0,0,0,0,0,0,1,0,2013,38.4,34.9,8.8,13.4,0.473684210526316
"358",0,0,1,0,0,0,0,0,0,0,0,0,0,0,0,0,1,0,0,2013,33.3,26.8,9.3,7.8,0.491228070175439
"359",0,0,1,0,0,0,0,0,0,0,0,0,1,0,0,0,0,0,0,2013,33.1,22.7,10,10,0.590643274853801
"360",0,0,1,0,0,0,0,0,0,0,0,0,0,0,1,0,0,0,0,2013,39.3,29.8,9.9,10.4,0.60233918128655
"361",0,0,1,0,0,0,0,0,0,0,0,0,0,0,0,1,0,0,0,2013,43.2,40.6,6.9,7.8,0.432748538011696
"362",0,0,1,0,0,0,0,0,0,0,0,0,0,1,0,0,0,0,0,2013,42.5,36.9,8.8,14.1,0.573099415204678
"363",0,0,1,0,0,0,0,0,0,0,0,0,0,0,0,0,0,1,0,2013,28.5,16.8,9.4,10.1,0.532163742690059
"364",0,0,0,0,1,0,0,0,0,0,0,0,0,0,0,0,0,0,1,2014,28.2,10.4,10,11.3,0.463414634146341
"365",0,0,0,0,1,0,0,0,0,0,0,0,0,0,0,0,1,0,0,2014,31.1,22.4,5.8,10.9,0.554878048780488
"366",0,0,0,0,1,0,0,0,0,0,0,0,1,0,0,0,0,0,0,2014,24.2,20.2,0.8,26.9,0.420731707317073
"367",0,0,0,0,1,0,0,0,0,0,0,0,0,0,1,0,0,0,0,2014,18.8,10.9,9.3,12.1,0.353658536585366
"368",0,0,0,0,1,0,0,0,0,0,0,0,0,1,0,0,0,0,0,2014,46.3,45.1,2.5,14.8,0.591463414634146
"369",0,0,0,0,1,0,0,0,0,0,0,0,0,0,0,0,0,1,0,2014,23.9,10.4,9.4,17.6,0.554878048780488
"370",0,0,0,0,1,0,0,0,0,0,0,0,0,0,0,0,0,0,1,2014,18.2,5,10,12,0.603658536585366
"371",0,0,0,0,1,0,0,0,0,0,0,0,0,0,0,0,1,0,0,2014,23.5,8.3,10,7.9,0.731707317073171
"372",0,0,0,0,1,0,0,0,0,0,0,0,1,0,0,0,0,0,0,2014,28.8,22.6,9.7,5.8,0.841463414634146
"373",0,0,0,0,1,0,0,0,0,0,0,0,0,0,1,0,0,0,0,2014,44.8,43,4.4,13.4,0.548780487804878
"374",0,0,0,0,1,0,0,0,0,0,0,0,0,0,0,1,0,0,0,2014,45.1,38.4,5.5,14.7,0.475609756097561
"375",0,0,0,0,1,0,0,0,0,0,0,0,0,1,0,0,0,0,0,2014,38.6,31.2,9.2,7.7,0.554878048780488
"376",0,0,0,0,1,0,0,0,0,0,0,0,0,0,0,0,0,1,0,2014,45.5,43.2,5.2,11.8,0.701219512195122
"377",0,0,0,0,1,0,0,0,0,0,0,0,0,0,0,0,0,0,1,2014,41.1,38.4,6.5,6,0.798780487804878
"378",0,0,0,0,1,0,0,0,0,0,0,0,0,0,0,0,1,0,0,2014,40.8,39.3,4.6,5.9,0.804878048780488
"379",0,0,0,0,1,0,0,0,0,0,0,0,1,0,0,0,0,0,0,2014,38.6,35.8,6.7,3.7,0.792682926829268
"380",0,0,0,0,1,0,0,0,0,0,0,0,0,0,1,0,0,0,0,2014,38.8,35.8,8.7,7.9,0.481707317073171
"381",0,0,0,0,1,0,0,0,0,0,0,0,0,0,0,1,0,0,0,2014,36.1,29,10,16.5,0.378048780487805
"382",0,0,0,0,1,0,0,0,0,0,0,0,0,1,0,0,0,0,0,2014,41,27.9,10,16.8,0.414634146341463
"383",0,0,0,0,1,0,0,0,0,0,0,0,0,0,0,0,0,1,0,2014,29.2,17.5,8.5,12.6,0.975609756097561
"384",0,0,0,0,1,0,0,0,0,0,0,0,0,0,0,0,0,0,1,2014,25,20.3,1.9,25.7,0.731707317073171
"385",0,0,0,0,1,0,0,0,0,0,0,0,0,0,0,0,1,0,0,2014,16.5,5.1,9.7,11.1,0.823170731707317
"386",0,0,0,0,1,0,0,0,0,0,0,0,1,0,0,0,0,0,0,2014,14.8,-0.5,10,11.8,0.829268292682927
"387",0,0,0,0,1,0,0,0,0,0,0,0,0,0,1,0,0,0,0,2014,32,23,8.5,17,0.542682926829268
"388",0,0,0,0,1,0,0,0,0,0,0,0,0,0,0,1,0,0,0,2014,26.8,15.4,9.4,17.8,0.432926829268293
"389",0,0,0,0,1,0,0,0,0,0,0,0,0,1,0,0,0,0,0,2014,38.8,32.3,8.8,12.3,0.615853658536585
"390",0,0,0,0,1,0,0,0,0,0,0,0,0,0,0,0,0,1,0,2014,22.2,-1.3,10,10.7,0.664634146341463
"391",0,0,0,0,1,0,0,0,0,0,0,0,0,0,0,0,0,0,1,2014,20.3,10.4,6.3,8.1,0.713414634146341
"392",0,0,0,0,1,0,0,0,0,0,0,0,0,0,0,0,1,0,0,2014,22,5.8,10,8.1,0.810975609756098
"393",0,0,0,0,1,0,0,0,0,0,0,0,1,0,0,0,0,0,0,2014,33.7,26.7,9.9,9.1,0.676829268292683
"394",0,0,0,1,0,0,0,0,0,0,0,0,0,0,0,0,1,0,0,2014,24.7,11.2,8.6,8.4,0.585365853658537
"395",0,0,0,1,0,0,0,0,0,0,0,0,1,0,0,0,0,0,0,2014,20.3,0.3,9.6,12.5,0.786585365853659
"396",0,0,0,1,0,0,0,0,0,0,0,0,0,0,1,0,0,0,0,2014,35.6,25.1,10,4.8,0.524390243902439
"397",0,0,0,1,0,0,0,0,0,0,0,0,0,0,0,1,0,0,0,2014,39.3,37.2,5.5,8.7,0.48780487804878
"398",0,0,0,1,0,0,0,0,0,0,0,0,0,1,0,0,0,0,0,2014,36.5,33.6,5.3,9.1,0.804878048780488
"399",0,0,0,1,0,0,0,0,0,0,0,0,0,0,0,0,0,1,0,2014,32.5,26.2,10,7.8,0.682926829268293
"400",0,0,0,1,0,0,0,0,0,0,0,0,0,0,0,0,0,0,1,2014,32.3,29.1,6.3,9.2,0.603658536585366
"401",0,0,0,1,0,0,0,0,0,0,0,0,0,0,0,0,1,0,0,2014,30.4,24.5,8.6,11.5,0.676829268292683
"402",0,0,0,1,0,0,0,0,0,0,0,0,1,0,0,0,0,0,0,2014,28.1,15.7,10,9,0.792682926829268
"403",0,0,0,1,0,0,0,0,0,0,0,0,0,0,1,0,0,0,0,2014,28.2,14.2,10,8.6,0.518292682926829
"404",0,0,0,1,0,0,0,0,0,0,0,0,0,0,0,1,0,0,0,2014,30.3,18.2,10,4.9,0.371951219512195
"405",0,0,0,1,0,0,0,0,0,0,0,0,0,1,0,0,0,0,0,2014,28.9,18.8,9,9,0.853658536585366
"406",0,0,0,1,0,0,0,0,0,0,0,0,0,0,0,0,0,1,0,2014,24,6.4,10,9.2,0.75
"407",0,0,0,1,0,0,0,0,0,0,0,0,0,0,0,0,0,0,1,2014,23.7,10,10,10.5,0.810975609756098
"408",0,0,0,1,0,0,0,0,0,0,0,0,0,0,0,0,1,0,0,2014,37,32,6.3,13.4,0.396341463414634
"409",0,0,0,1,0,0,0,0,0,0,0,0,1,0,0,0,0,0,0,2014,40.2,35.7,5.7,20.1,0.896341463414634
"410",0,0,0,1,0,0,0,0,0,0,0,0,0,0,1,0,0,0,0,2014,35.2,28.8,7.3,11.8,0.457317073170732
"411",0,0,0,1,0,0,0,0,0,0,0,0,0,0,0,1,0,0,0,2014,29.8,22.4,7.5,20.2,0.481707317073171
"412",0,0,0,1,0,0,0,0,0,0,0,0,0,1,0,0,0,0,0,2014,24.3,8.9,9.3,13.1,0.341463414634146
"413",0,0,0,1,0,0,0,0,0,0,0,0,0,0,0,0,0,1,0,2014,28.2,18.5,9,12.7,0.548780487804878
"414",0,0,0,1,0,0,0,0,0,0,0,0,0,0,0,0,0,0,1,2014,35,29.4,8.9,12.3,0.731707317073171
"415",0,0,0,1,0,0,0,0,0,0,0,0,0,0,0,0,1,0,0,2014,39.6,32.2,7.1,10.4,0.725609756097561
"416",0,0,0,1,0,0,0,0,0,0,0,0,1,0,0,0,0,0,0,2014,42.2,40,3.9,10.4,0.817073170731707
"417",0,0,0,1,0,0,0,0,0,0,0,0,0,0,1,0,0,0,0,2014,41.4,36.5,7.1,11,0.615853658536585
"418",0,0,0,1,0,0,0,0,0,0,0,0,0,0,0,1,0,0,0,2014,42,36.9,9.5,9.1,0.48780487804878
"419",0,0,0,1,0,0,0,0,0,0,0,0,0,1,0,0,0,0,0,2014,37.5,25.8,9.7,10.3,0.75609756097561
"420",0,0,0,1,0,0,0,0,0,0,0,0,0,0,0,0,0,1,0,2014,27,8.7,10,15.5,0.609756097560976
"421",0,0,0,1,0,0,0,0,0,0,0,0,0,0,0,0,0,0,1,2014,25.8,12.6,8.9,8,0.652439024390244
"422",0,0,0,0,0,0,0,1,0,0,0,0,0,0,1,0,0,0,0,2014,24.1,12.5,10,5.2,0.597560975609756
"423",0,0,0,0,0,0,0,1,0,0,0,0,0,0,0,1,0,0,0,2014,35.1,28.8,9.1,6.8,0.353658536585366
"424",0,0,0,0,0,0,0,1,0,0,0,0,0,1,0,0,0,0,0,2014,27.3,20.3,5.8,11.2,0.50609756097561
"425",0,0,0,0,0,0,0,1,0,0,0,0,0,0,0,0,0,1,0,2014,24.8,12.2,10,8.3,0.603658536585366
"426",0,0,0,0,0,0,0,1,0,0,0,0,0,0,0,0,0,0,1,2014,29.5,18.3,9.5,7.1,0.560975609756098
"427",0,0,0,0,0,0,0,1,0,0,0,0,0,0,0,0,1,0,0,2014,26.3,14,9.1,16.4,0.682926829268293
"428",0,0,0,0,0,0,0,1,0,0,0,0,1,0,0,0,0,0,0,2014,29.4,20.9,10,8.4,0.621951219512195
"429",0,0,0,0,0,0,0,1,0,0,0,0,0,0,1,0,0,0,0,2014,40.3,33.2,8.9,11,0.621951219512195
"430",0,0,0,0,0,0,0,1,0,0,0,0,0,0,0,1,0,0,0,2014,35.2,21.7,10,8.9,0.451219512195122
"431",0,0,0,0,0,0,0,1,0,0,0,0,0,1,0,0,0,0,0,2014,33.5,24,8.9,6.1,0.536585365853659
"432",0,0,0,0,0,0,0,1,0,0,0,0,0,0,0,0,0,1,0,2014,41.3,34.1,8.3,9,0.646341463414634
"433",0,0,0,0,0,0,0,1,0,0,0,0,0,0,0,0,0,0,1,2014,43.4,37.1,7.2,9.6,0.658536585365854
"434",0,0,0,0,0,0,0,1,0,0,0,0,0,0,0,0,1,0,0,2014,32.2,27.9,3.9,14.7,0.628048780487805
"435",0,0,0,0,0,0,0,1,0,0,0,0,1,0,0,0,0,0,0,2014,25.4,9,10,15.1,0.75
"436",0,0,0,0,0,0,0,1,0,0,0,0,0,0,1,0,0,0,0,2014,41.3,34.3,8.8,12,0.646341463414634
"437",0,0,0,0,0,0,0,1,0,0,0,0,0,0,0,1,0,0,0,2014,35.3,16.8,10,10.7,0.573170731707317
"438",0,0,0,0,0,0,0,1,0,0,0,0,0,1,0,0,0,0,0,2014,28.5,12.1,10,14.2,0.689024390243902
"439",0,0,0,0,0,0,0,1,0,0,0,0,0,0,0,0,0,1,0,2014,27.7,14.7,10,8.7,0.701219512195122
"440",0,0,0,0,0,0,0,1,0,0,0,0,0,0,0,0,0,0,1,2014,35,23.6,10,9.7,0.652439024390244
"441",0,0,0,0,0,0,0,1,0,0,0,0,0,0,0,0,1,0,0,2014,41.7,37.6,6.3,14.9,0.774390243902439
"442",0,0,0,0,0,0,0,1,0,0,0,0,1,0,0,0,0,0,0,2014,39.3,28.2,9.6,14,0.689024390243902
"443",0,0,0,0,0,0,0,1,0,0,0,0,0,0,1,0,0,0,0,2014,38.1,27.9,9.7,11.2,0.579268292682927
"444",0,0,0,0,0,0,0,1,0,0,0,0,0,0,0,1,0,0,0,2014,38.9,25.3,10,9.5,0.567073170731707
"445",0,0,0,0,0,0,0,1,0,0,0,0,0,1,0,0,0,0,0,2014,27.4,8,10,13.4,0.560975609756098
"446",0,0,0,0,0,0,0,1,0,0,0,0,0,0,0,0,0,1,0,2014,26.5,10.5,10,4.1,0.567073170731707
"447",0,0,0,0,0,0,0,1,0,0,0,0,0,0,0,0,0,0,1,2014,30.8,22.2,4.7,28,0.664634146341463
"448",0,0,0,0,0,0,0,1,0,0,0,0,0,0,0,0,1,0,0,2014,28.4,8.6,10,18.2,0.695121951219512
"449",0,0,0,0,0,0,0,1,0,0,0,0,1,0,0,0,0,0,0,2014,41.2,35.6,8.9,13.7,0.634146341463415
"450",0,0,0,0,0,0,0,1,0,0,0,0,0,0,1,0,0,0,0,2014,44.9,42.2,4.5,10.2,0.725609756097561
"451",0,0,0,0,0,0,0,1,0,0,0,0,0,0,0,1,0,0,0,2014,46.3,44.7,1.7,13.8,0.548780487804878
"452",0,0,0,0,0,0,0,1,0,0,0,0,0,1,0,0,0,0,0,2014,37.8,35.3,6.1,21.3,0.634146341463415
"453",1,0,0,0,0,0,0,0,0,0,0,0,0,0,0,0,0,1,0,2014,37.1,29.8,9.3,17.6,0.707317073170732
"454",1,0,0,0,0,0,0,0,0,0,0,0,0,0,0,0,0,0,1,2014,39.3,28.6,10,5.6,0.713414634146341
"455",1,0,0,0,0,0,0,0,0,0,0,0,0,0,0,0,1,0,0,2014,40.9,30.9,10,8.4,0.725609756097561
"456",1,0,0,0,0,0,0,0,0,0,0,0,1,0,0,0,0,0,0,2014,40,30.2,10,7.7,0.73780487804878
"457",1,0,0,0,0,0,0,0,0,0,0,0,0,0,1,0,0,0,0,2014,44.8,39.6,7.7,13.8,0.707317073170732
"458",1,0,0,0,0,0,0,0,0,0,0,0,0,0,0,1,0,0,0,2014,41.1,25.3,10,12.5,0.646341463414634
"459",1,0,0,0,0,0,0,0,0,0,0,0,0,1,0,0,0,0,0,2014,42,33.9,10,7.4,0.518292682926829
"460",1,0,0,0,0,0,0,0,0,0,0,0,0,0,0,0,0,1,0,2014,47.7,45.8,1.9,14.7,0.774390243902439
"461",1,0,0,0,0,0,0,0,0,0,0,0,0,0,0,0,0,0,1,2014,46.8,36.1,9.6,10,0.664634146341463
"462",1,0,0,0,0,0,0,0,0,0,0,0,0,0,0,0,1,0,0,2014,41.6,28.9,9.9,8.8,0.878048780487805
"463",1,0,0,0,0,0,0,0,0,0,0,0,1,0,0,0,0,0,0,2014,48,40.6,8.8,13.4,0.908536585365854
"464",1,0,0,0,0,0,0,0,0,0,0,0,0,0,1,0,0,0,0,2014,50.1,40.8,8.5,8.6,0.658536585365854
"465",1,0,0,0,0,0,0,0,0,0,0,0,0,0,0,1,0,0,0,2014,47,40.4,9.3,8.8,0.585365853658537
"466",1,0,0,0,0,0,0,0,0,0,0,0,0,1,0,0,0,0,0,2014,52.2,47.8,7,14.4,0.640243902439024
"467",1,0,0,0,0,0,0,0,0,0,0,0,0,0,0,0,0,1,0,2014,52.6,48,6.6,16,0.609756097560976
"468",1,0,0,0,0,0,0,0,0,0,0,0,0,0,0,0,0,0,1,2014,42.9,32.6,7.9,19.2,0.74390243902439
"469",1,0,0,0,0,0,0,0,0,0,0,0,0,0,0,0,1,0,0,2014,37.5,23.8,10,15.2,0.719512195121951
"470",1,0,0,0,0,0,0,0,0,0,0,0,1,0,0,0,0,0,0,2014,40.4,32,9.9,9.1,0.591463414634146
"471",1,0,0,0,0,0,0,0,0,0,0,0,0,0,1,0,0,0,0,2014,45.7,35.3,10,5.9,0.640243902439024
"472",1,0,0,0,0,0,0,0,0,0,0,0,0,0,0,1,0,0,0,2014,44.2,31.2,10,9.2,0.5
"473",1,0,0,0,0,0,0,0,0,0,0,0,0,1,0,0,0,0,0,2014,43.1,36.9,10,6.2,0.51219512195122
"474",1,0,0,0,0,0,0,0,0,0,0,0,0,0,0,0,0,1,0,2014,49.5,43.2,10,5.6,0.603658536585366
"475",1,0,0,0,0,0,0,0,0,0,0,0,0,0,0,0,0,0,1,2014,49.5,45.4,9.2,8.6,0.817073170731707
"476",1,0,0,0,0,0,0,0,0,0,0,0,0,0,0,0,1,0,0,2014,49.6,28.7,10,19.1,0.865853658536585
"477",1,0,0,0,0,0,0,0,0,0,0,0,1,0,0,0,0,0,0,2014,49,32.3,10,10.5,0.829268292682927
"478",1,0,0,0,0,0,0,0,0,0,0,0,0,0,1,0,0,0,0,2014,44.9,36.6,9.4,12.2,0.725609756097561
"479",1,0,0,0,0,0,0,0,0,0,0,0,0,0,0,1,0,0,0,2014,42.4,36.2,9.9,4.8,0.524390243902439
"480",1,0,0,0,0,0,0,0,0,0,0,0,0,1,0,0,0,0,0,2014,46.5,37.2,10,13.7,0.652439024390244
"481",1,0,0,0,0,0,0,0,0,0,0,0,0,0,0,0,0,1,0,2014,44.2,36,10,16.5,0.713414634146341
"482",1,0,0,0,0,0,0,0,0,0,0,0,0,0,0,0,0,0,1,2014,43.5,36.5,9.8,12.3,0.926829268292683
"483",0,0,0,0,0,0,0,0,1,0,0,0,0,0,0,0,1,0,0,2014,50.3,48.3,3.2,13.3,0.75
"484",0,0,0,0,0,0,0,0,1,0,0,0,1,0,0,0,0,0,0,2014,51.9,44.7,6.4,10.2,0.817073170731707
"485",0,0,0,0,0,0,0,0,1,0,0,0,0,0,1,0,0,0,0,2014,50.9,41.1,9.1,6.4,0.859756097560976
"486",0,0,0,0,0,0,0,0,1,0,0,0,0,0,0,1,0,0,0,2014,51.4,42.6,9.8,12.8,0.585365853658537
"487",0,0,0,0,0,0,0,0,1,0,0,0,0,1,0,0,0,0,0,2014,53.7,40,10,10.2,0.701219512195122
"488",0,0,0,0,0,0,0,0,1,0,0,0,0,0,0,0,0,1,0,2014,52.2,40.5,9.6,5.7,0.774390243902439
"489",0,0,0,0,0,0,0,0,1,0,0,0,0,0,0,0,0,0,1,2014,51.6,38.3,10,6.8,0.884146341463415
"490",0,0,0,0,0,0,0,0,1,0,0,0,0,0,0,0,1,0,0,2014,52,43.4,9.6,7.5,0.804878048780488
"491",0,0,0,0,0,0,0,0,1,0,0,0,1,0,0,0,0,0,0,2014,51.5,44.5,8.7,6.7,0.701219512195122
"492",0,0,0,0,0,0,0,0,1,0,0,0,0,0,1,0,0,0,0,2014,54.8,49.9,7.1,11.1,0.725609756097561
"493",0,0,0,0,0,0,0,0,1,0,0,0,0,0,0,1,0,0,0,2014,58.3,49.5,8.6,12.6,0.573170731707317
"494",0,0,0,0,0,0,0,0,1,0,0,0,0,1,0,0,0,0,0,2014,57.8,46.2,9.8,9.1,0.853658536585366
"495",0,0,0,0,0,0,0,0,1,0,0,0,0,0,0,0,0,1,0,2014,51.8,43.8,10,14.1,0.695121951219512
"496",0,0,0,0,0,0,0,0,1,0,0,0,0,0,0,0,0,0,1,2014,51.2,44.3,10,9.8,0.908536585365854
"497",0,0,0,0,0,0,0,0,1,0,0,0,0,0,0,0,1,0,0,2014,57.8,51.8,10,9.6,0.853658536585366
"498",0,0,0,0,0,0,0,0,1,0,0,0,1,0,0,0,0,0,0,2014,58.3,52.8,9.1,11.8,0.914634146341463
"499",0,0,0,0,0,0,0,0,1,0,0,0,0,0,1,0,0,0,0,2014,57.7,54.1,5.8,12.5,0.810975609756098
"500",0,0,0,0,0,0,0,0,1,0,0,0,0,0,0,1,0,0,0,2014,56.5,46.1,9.8,8.5,0.695121951219512
"501",0,0,0,0,0,0,0,0,1,0,0,0,0,1,0,0,0,0,0,2014,56.9,41.8,10,9,0.670731707317073
"502",0,0,0,0,0,0,0,0,1,0,0,0,0,0,0,0,0,1,0,2014,56.4,45.7,9.9,10.4,0.810975609756098
"503",0,0,0,0,0,0,0,0,1,0,0,0,0,0,0,0,0,0,1,2014,56.3,47.6,10,6,0.798780487804878
"504",0,0,0,0,0,0,0,0,1,0,0,0,0,0,0,0,1,0,0,2014,50.3,46.2,8.6,6,0.804878048780488
"505",0,0,0,0,0,0,0,0,1,0,0,0,1,0,0,0,0,0,0,2014,54.9,48.6,10,7.3,0.841463414634146
"506",0,0,0,0,0,0,0,0,1,0,0,0,0,0,1,0,0,0,0,2014,54.6,46.9,10,15,0.591463414634146
"507",0,0,0,0,0,0,0,0,1,0,0,0,0,0,0,1,0,0,0,2014,53.7,44.4,10,5.4,0.481707317073171
"508",0,0,0,0,0,0,0,0,1,0,0,0,0,1,0,0,0,0,0,2014,56.7,51.1,9.6,10.3,0.359756097560976
"509",0,0,0,0,0,0,0,0,1,0,0,0,0,0,0,0,0,1,0,2014,61.1,52.9,9.5,10,0.75
"510",0,0,0,0,0,0,0,0,1,0,0,0,0,0,0,0,0,0,1,2014,51.1,48.4,2.6,15.2,0.664634146341463
"511",0,0,0,0,0,0,0,0,1,0,0,0,0,0,0,0,1,0,0,2014,52,42.7,10,11.2,0.939024390243902
"512",0,0,0,0,0,0,0,0,1,0,0,0,1,0,0,0,0,0,0,2014,49.7,42.2,10,5.7,0.896341463414634
"513",0,0,0,0,0,0,0,0,1,0,0,0,0,0,1,0,0,0,0,2014,53.9,46.5,10,12.4,0.76219512195122
"514",0,0,0,0,0,0,1,0,0,0,0,0,0,0,0,1,0,0,0,2014,58.4,43.5,10,11,0.74390243902439
"515",0,0,0,0,0,0,1,0,0,0,0,0,0,1,0,0,0,0,0,2014,57.4,46.6,10,6.8,0.634146341463415
"516",0,0,0,0,0,0,1,0,0,0,0,0,0,0,0,0,0,1,0,2014,58.2,47.9,10,8.8,0.835365853658537
"517",0,0,0,0,0,0,1,0,0,0,0,0,0,0,0,0,0,0,1,2014,55.2,51.2,7.6,8.3,0.792682926829268
"518",0,0,0,0,0,0,1,0,0,0,0,0,0,0,0,0,1,0,0,2014,60,57.2,5.8,7.1,0.75
"519",0,0,0,0,0,0,1,0,0,0,0,0,0,0,1,0,0,0,0,2014,65.6,54,9.9,8.6,0.780487804878049
"520",0,0,0,0,0,0,1,0,0,0,0,0,0,0,0,1,0,0,0,2014,64.9,55.5,9.8,4.8,0.603658536585366
"521",0,0,0,0,0,0,1,0,0,0,0,0,0,1,0,0,0,0,0,2014,61.2,57,7.1,5.6,0.640243902439024
"522",0,0,0,0,0,0,1,0,0,0,0,0,0,0,0,0,0,1,0,2014,63.8,60.7,8.7,5.6,0.658536585365854
"523",0,0,0,0,0,0,1,0,0,0,0,0,0,0,0,0,0,0,1,2014,61.2,54.4,9.3,11.3,0.823170731707317
"524",0,0,0,0,0,0,1,0,0,0,0,0,0,0,0,0,1,0,0,2014,61,53,10,13.4,0.74390243902439
"525",0,0,0,0,0,0,1,0,0,0,0,0,1,0,0,0,0,0,0,2014,61.7,58.6,4,14.4,0.951219512195122
"526",0,0,0,0,0,0,1,0,0,0,0,0,0,0,1,0,0,0,0,2014,66.5,63.8,4.8,5.7,0.707317073170732
"527",0,0,0,0,0,0,1,0,0,0,0,0,0,0,0,1,0,0,0,2014,66.1,54.5,10,10.9,0.463414634146341
"528",0,0,0,0,0,0,1,0,0,0,0,0,0,1,0,0,0,0,0,2014,65.2,50,10,7.5,0.725609756097561
"529",0,0,0,0,0,0,1,0,0,0,0,0,0,0,0,0,0,1,0,2014,62.5,55.2,10,8.2,0.810975609756098
"530",0,0,0,0,0,0,1,0,0,0,0,0,0,0,0,0,0,0,1,2014,71.6,62.9,6.4,10.1,0.871951219512195
"531",0,0,0,0,0,0,1,0,0,0,0,0,0,0,0,0,1,0,0,2014,67.3,61.5,9.7,6.5,0.865853658536585
"532",0,0,0,0,0,0,1,0,0,0,0,0,1,0,0,0,0,0,0,2014,64.6,48.8,9.8,6,0.969512195121951
"533",0,0,0,0,0,0,1,0,0,0,0,0,0,0,1,0,0,0,0,2014,59.9,46.2,10,5.1,0.591463414634146
"534",0,0,0,0,0,0,1,0,0,0,0,0,0,0,0,1,0,0,0,2014,63.2,49.2,9.9,6,0.518292682926829
"535",0,0,0,0,0,0,1,0,0,0,0,0,0,1,0,0,0,0,0,2014,62.1,50.3,10,4.1,0.664634146341463
"536",0,0,0,0,0,0,1,0,0,0,0,0,0,0,0,0,0,1,0,2014,60,51.9,10,5.3,0.780487804878049
"537",0,0,0,0,0,0,1,0,0,0,0,0,0,0,0,0,0,0,1,2014,66.8,61.6,9.9,8.3,0.74390243902439
"538",0,0,0,0,0,0,1,0,0,0,0,0,0,0,0,0,1,0,0,2014,66.7,64.4,3.5,10.2,0.786585365853659
"539",0,0,0,0,0,0,1,0,0,0,0,0,1,0,0,0,0,0,0,2014,63.9,53.8,9.8,13.6,0.847560975609756
"540",0,0,0,0,0,0,1,0,0,0,0,0,0,0,1,0,0,0,0,2014,62.2,51.9,9.5,4.8,0.75
"541",0,0,0,0,0,0,1,0,0,0,0,0,0,0,0,1,0,0,0,2014,64.7,57.9,9.5,5,0.664634146341463
"542",0,0,0,0,0,0,1,0,0,0,0,0,0,1,0,0,0,0,0,2014,67.3,61.6,10,8,0.853658536585366
"543",0,0,0,0,0,1,0,0,0,0,0,0,0,0,0,0,0,1,0,2014,68.6,65.1,9.8,9.1,0.676829268292683
"544",0,0,0,0,0,1,0,0,0,0,0,0,0,0,0,0,0,0,1,2014,69,66,7.2,10.2,0.878048780487805
"545",0,0,0,0,0,1,0,0,0,0,0,0,0,0,0,0,1,0,0,2014,69.1,67.3,1.8,8.5,0.798780487804878
"546",0,0,0,0,0,1,0,0,0,0,0,0,1,0,0,0,0,0,0,2014,69.9,68.2,3.9,9.8,0.396341463414634
"547",0,0,0,0,0,1,0,0,0,0,0,0,0,0,1,0,0,0,0,2014,67,55.8,8.4,21.2,0.475609756097561
"548",0,0,0,0,0,1,0,0,0,0,0,0,0,0,0,1,0,0,0,2014,68.2,59.1,10,14.1,0.481707317073171
"549",0,0,0,0,0,1,0,0,0,0,0,0,0,1,0,0,0,0,0,2014,68.6,62.8,9.4,13.9,0.713414634146341
"550",0,0,0,0,0,1,0,0,0,0,0,0,0,0,0,0,0,1,0,2014,69.5,66.2,6.2,11.8,0.786585365853659
"551",0,0,0,0,0,1,0,0,0,0,0,0,0,0,0,0,0,0,1,2014,69.4,66.7,5.1,12.3,0.646341463414634
"552",0,0,0,0,0,1,0,0,0,0,0,0,0,0,0,0,1,0,0,2014,69.4,66.1,5.4,6.1,0.74390243902439
"553",0,0,0,0,0,1,0,0,0,0,0,0,1,0,0,0,0,0,0,2014,69.1,62.4,6.5,4.3,0.75
"554",0,0,0,0,0,1,0,0,0,0,0,0,0,0,1,0,0,0,0,2014,65.7,58.8,9.9,4.4,0.585365853658537
"555",0,0,0,0,0,1,0,0,0,0,0,0,0,0,0,1,0,0,0,2014,68.7,63.6,9.8,9.7,0.603658536585366
"556",0,0,0,0,0,1,0,0,0,0,0,0,0,1,0,0,0,0,0,2014,69.7,67,7.4,12,0.713414634146341
"557",0,0,0,0,0,1,0,0,0,0,0,0,0,0,0,0,0,1,0,2014,71.4,69.1,5.8,13.1,0.768292682926829
"558",0,0,0,0,0,1,0,0,0,0,0,0,0,0,0,0,0,0,1,2014,70.4,68.5,6,13.7,0.725609756097561
"559",0,0,0,0,0,1,0,0,0,0,0,0,0,0,0,0,1,0,0,2014,70.4,63.7,7.7,4.5,0.914634146341463
"560",0,0,0,0,0,1,0,0,0,0,0,0,1,0,0,0,0,0,0,2014,69.6,59.4,9.6,5,0.804878048780488
"561",0,0,0,0,0,1,0,0,0,0,0,0,0,0,1,0,0,0,0,2014,65,54.1,10,5,0.621951219512195
"562",0,0,0,0,0,1,0,0,0,0,0,0,0,0,0,1,0,0,0,2014,65.2,57.9,9.1,10,0.408536585365854
"563",0,0,0,0,0,1,0,0,0,0,0,0,0,1,0,0,0,0,0,2014,65.9,63.3,6,12.8,0.670731707317073
"564",0,0,0,0,0,1,0,0,0,0,0,0,0,0,0,0,0,1,0,2014,67.1,63.5,5.9,5.4,0.731707317073171
"565",0,0,0,0,0,1,0,0,0,0,0,0,0,0,0,0,0,0,1,2014,69.2,65.9,9.9,9.9,0.76219512195122
"566",0,0,0,0,0,1,0,0,0,0,0,0,0,0,0,0,1,0,0,2014,69.6,66.7,6.4,8.5,0.74390243902439
"567",0,0,0,0,0,1,0,0,0,0,0,0,1,0,0,0,0,0,0,2014,67.4,60.8,10,5.9,0.774390243902439
"568",0,0,0,0,0,1,0,0,0,0,0,0,0,0,1,0,0,0,0,2014,66.9,63.2,9.8,6.9,0.615853658536585
"569",0,0,0,0,0,1,0,0,0,0,0,0,0,0,0,1,0,0,0,2014,68.6,65.2,9.9,7.6,0.548780487804878
"570",0,0,0,0,0,1,0,0,0,0,0,0,0,1,0,0,0,0,0,2014,69.4,66.9,4.8,10,0.707317073170732
"571",0,0,0,0,0,1,0,0,0,0,0,0,0,0,0,0,0,1,0,2014,68.9,62.8,9.6,10.5,0.621951219512195
"572",0,0,0,0,0,1,0,0,0,0,0,0,0,0,0,0,0,0,1,2014,67.3,60.6,9.3,5.5,0.792682926829268
"573",0,0,0,0,0,1,0,0,0,0,0,0,0,0,0,0,1,0,0,2014,67.7,62.9,9.6,6.3,0.890243902439024
"574",0,1,0,0,0,0,0,0,0,0,0,0,1,0,0,0,0,0,0,2014,67.5,62.9,9,5.3,0.98780487804878
"575",0,1,0,0,0,0,0,0,0,0,0,0,0,0,1,0,0,0,0,2014,64.3,60,8.8,6.5,0.646341463414634
"576",0,1,0,0,0,0,0,0,0,0,0,0,0,0,0,1,0,0,0,2014,66.4,64.6,6,5.1,0.579268292682927
"577",0,1,0,0,0,0,0,0,0,0,0,0,0,1,0,0,0,0,0,2014,68.2,65.5,6,5.2,0.603658536585366
"578",0,1,0,0,0,0,0,0,0,0,0,0,0,0,0,0,0,1,0,2014,69.2,67.4,3.7,6.6,0.768292682926829
"579",0,1,0,0,0,0,0,0,0,0,0,0,0,0,0,0,0,0,1,2014,70.1,65.7,4.4,4.3,0.707317073170732
"580",0,1,0,0,0,0,0,0,0,0,0,0,0,0,0,0,1,0,0,2014,69.3,60.6,9.2,6.3,0.810975609756098
"581",0,1,0,0,0,0,0,0,0,0,0,0,1,0,0,0,0,0,0,2014,66.3,57.6,10,7.4,0.75609756097561
"582",0,1,0,0,0,0,0,0,0,0,0,0,0,0,1,0,0,0,0,2014,70.4,61.3,9.9,6.4,0.646341463414634
"583",0,1,0,0,0,0,0,0,0,0,0,0,0,0,0,1,0,0,0,2014,69.1,61.4,9.8,4.6,0.603658536585366
"584",0,1,0,0,0,0,0,0,0,0,0,0,0,1,0,0,0,0,0,2014,66.3,59.2,7.8,3.6,0.719512195121951
"585",0,1,0,0,0,0,0,0,0,0,0,0,0,0,0,0,0,1,0,2014,67.2,62.2,10,7.8,0.615853658536585
"586",0,1,0,0,0,0,0,0,0,0,0,0,0,0,0,0,0,0,1,2014,66.6,63.5,8.4,15.5,0.725609756097561
"587",0,1,0,0,0,0,0,0,0,0,0,0,0,0,0,0,1,0,0,2014,67.8,60.8,9.1,9.7,0.878048780487805
"588",0,1,0,0,0,0,0,0,0,0,0,0,1,0,0,0,0,0,0,2014,66.8,59.2,10,8.8,0.609756097560976
"589",0,1,0,0,0,0,0,0,0,0,0,0,0,0,1,0,0,0,0,2014,66.3,58.8,9.7,8.2,0.646341463414634
"590",0,1,0,0,0,0,0,0,0,0,0,0,0,0,0,1,0,0,0,2014,68.3,64.7,8.3,6.8,0.548780487804878
"591",0,1,0,0,0,0,0,0,0,0,0,0,0,1,0,0,0,0,0,2014,67.9,57.7,9.8,7.8,0.719512195121951
"592",0,1,0,0,0,0,0,0,0,0,0,0,0,0,0,0,0,1,0,2014,63.9,56.9,8.8,4.1,0.664634146341463
"593",0,1,0,0,0,0,0,0,0,0,0,0,0,0,0,0,0,0,1,2014,63.8,55.9,9.9,6,0.676829268292683
"594",0,1,0,0,0,0,0,0,0,0,0,0,0,0,0,0,1,0,0,2014,67.1,60.6,10,7.7,0.76219512195122
"595",0,1,0,0,0,0,0,0,0,0,0,0,1,0,0,0,0,0,0,2014,63.9,60,7.9,7.9,0.865853658536585
"596",0,1,0,0,0,0,0,0,0,0,0,0,0,0,1,0,0,0,0,2014,65.6,60.1,9.8,10.8,0.664634146341463
"597",0,1,0,0,0,0,0,0,0,0,0,0,0,0,0,1,0,0,0,2014,63.9,56.8,10,9,0.463414634146341
"598",0,1,0,0,0,0,0,0,0,0,0,0,0,1,0,0,0,0,0,2014,63.3,56.5,10,3.8,0.621951219512195
"599",0,1,0,0,0,0,0,0,0,0,0,0,0,0,0,0,0,1,0,2014,63,56,10,3.5,0.768292682926829
"600",0,1,0,0,0,0,0,0,0,0,0,0,0,0,0,0,0,0,1,2014,67.5,64.7,6.5,7.3,0.628048780487805
"601",0,1,0,0,0,0,0,0,0,0,0,0,0,0,0,0,1,0,0,2014,71,62.4,6.8,8.8,0.884146341463415
"602",0,1,0,0,0,0,0,0,0,0,0,0,1,0,0,0,0,0,0,2014,67.2,53.4,10,10.8,0.628048780487805
"603",0,1,0,0,0,0,0,0,0,0,0,0,0,0,1,0,0,0,0,2014,60.1,51.2,10,6.3,0.536585365853659
"604",0,1,0,0,0,0,0,0,0,0,0,0,0,0,0,1,0,0,0,2014,69.1,65.6,9.4,9,0.50609756097561
"605",0,0,0,0,0,0,0,0,0,0,0,1,0,1,0,0,0,0,0,2014,71.5,69.2,6.8,9.3,0.359756097560976
"606",0,0,0,0,0,0,0,0,0,0,0,1,0,0,0,0,0,1,0,2014,71.1,69.4,1.7,6.8,0.74390243902439
"607",0,0,0,0,0,0,0,0,0,0,0,1,0,0,0,0,0,0,1,2014,74,65.1,8.1,9.7,0.713414634146341
"608",0,0,0,0,0,0,0,0,0,0,0,1,0,0,0,0,1,0,0,2014,69.4,60.8,9.9,5.2,0.792682926829268
"609",0,0,0,0,0,0,0,0,0,0,0,1,1,0,0,0,0,0,0,2014,70.3,67.2,8.7,7.5,0.810975609756098
"610",0,0,0,0,0,0,0,0,0,0,0,1,0,0,1,0,0,0,0,2014,72,69.9,6.9,10.7,0.695121951219512
"611",0,0,0,0,0,0,0,0,0,0,0,1,0,0,0,1,0,0,0,2014,70.1,62.9,9,11,0.554878048780488
"612",0,0,0,0,0,0,0,0,0,0,0,1,0,1,0,0,0,0,0,2014,63.6,55.3,10,7.8,0.640243902439024
"613",0,0,0,0,0,0,0,0,0,0,0,1,0,0,0,0,0,1,0,2014,64.6,56.5,10,10.9,0.76219512195122
"614",0,0,0,0,0,0,0,0,0,0,0,1,0,0,0,0,0,0,1,2014,66.2,61.2,10,11.3,0.725609756097561
"615",0,0,0,0,0,0,0,0,0,0,0,1,0,0,0,0,1,0,0,2014,64.4,60.3,9.7,6.4,0.75609756097561
"616",0,0,0,0,0,0,0,0,0,0,0,1,1,0,0,0,0,0,0,2014,67.1,58.8,9.7,11.4,0.810975609756098
"617",0,0,0,0,0,0,0,0,0,0,0,1,0,0,1,0,0,0,0,2014,59.9,53.2,9.6,7.6,0.664634146341463
"618",0,0,0,0,0,0,0,0,0,0,0,1,0,0,0,1,0,0,0,2014,62.2,54.3,10,9.6,0.603658536585366
"619",0,0,0,0,0,0,0,0,0,0,0,1,0,1,0,0,0,0,0,2014,57.5,47.6,10,3.6,0.658536585365854
"620",0,0,0,0,0,0,0,0,0,0,0,1,0,0,0,0,0,1,0,2014,61.2,50.8,10,6.5,0.774390243902439
"621",0,0,0,0,0,0,0,0,0,0,0,1,0,0,0,0,0,0,1,2014,61.9,54.4,9.8,4.6,0.768292682926829
"622",0,0,0,0,0,0,0,0,0,0,0,1,0,0,0,0,1,0,0,2014,61.1,47.4,10,5,0.908536585365854
"623",0,0,0,0,0,0,0,0,0,0,0,1,1,0,0,0,0,0,0,2014,57.2,42.7,10,12.5,0.786585365853659
"624",0,0,0,0,0,0,0,0,0,0,0,1,0,0,1,0,0,0,0,2014,57,47.3,10,7.7,0.73780487804878
"625",0,0,0,0,0,0,0,0,0,0,0,1,0,0,0,1,0,0,0,2014,66.1,63.2,8.1,8.1,0.774390243902439
"626",0,0,0,0,0,0,0,0,0,0,0,1,0,1,0,0,0,0,0,2014,67.9,61.5,8.2,12.3,0.634146341463415
"627",0,0,0,0,0,0,0,0,0,0,0,1,0,0,0,0,0,1,0,2014,59,42.3,10,9.3,0.835365853658537
"628",0,0,0,0,0,0,0,0,0,0,0,1,0,0,0,0,0,0,1,2014,58.9,51.3,10,6.7,0.853658536585366
"629",0,0,0,0,0,0,0,0,0,0,0,1,0,0,0,0,1,0,0,2014,59.7,55.3,8.6,8.9,0.658536585365854
"630",0,0,0,0,0,0,0,0,0,0,0,1,1,0,0,0,0,0,0,2014,63.1,59.1,7.9,15.8,0.823170731707317
"631",0,0,0,0,0,0,0,0,0,0,0,1,0,0,1,0,0,0,0,2014,63.5,55.3,9.9,6.2,0.804878048780488
"632",0,0,0,0,0,0,0,0,0,0,0,1,0,0,0,1,0,0,0,2014,63.3,58.5,9.9,4.4,0.585365853658537
"633",0,0,0,0,0,0,0,0,0,0,0,1,0,1,0,0,0,0,0,2014,65.9,63.2,9.2,6.7,0.689024390243902
"634",0,0,0,0,0,0,0,0,0,0,0,1,0,0,0,0,0,1,0,2014,63.3,61.3,6.7,7,0.75609756097561
"635",0,0,0,0,0,0,0,0,0,0,1,0,0,0,0,0,0,0,1,2014,62.4,60.6,7.1,13.2,0.628048780487805
"636",0,0,0,0,0,0,0,0,0,0,1,0,0,0,0,0,1,0,0,2014,59.9,56.3,9.4,17.6,0.707317073170732
"637",0,0,0,0,0,0,0,0,0,0,1,0,1,0,0,0,0,0,0,2014,58.5,54,9.2,13.1,0.798780487804878
"638",0,0,0,0,0,0,0,0,0,0,1,0,0,0,1,0,0,0,0,2014,59.4,57.3,6.8,5.7,0.609756097560976
"639",0,0,0,0,0,0,0,0,0,0,1,0,0,0,0,1,0,0,0,2014,59.6,50.4,9.6,11,0.652439024390244
"640",0,0,0,0,0,0,0,0,0,0,1,0,0,1,0,0,0,0,0,2014,55.7,42.6,10,6.9,0.695121951219512
"641",0,0,0,0,0,0,0,0,0,0,1,0,0,0,0,0,0,1,0,2014,63,57,10,11.5,0.719512195121951
"642",0,0,0,0,0,0,0,0,0,0,1,0,0,0,0,0,0,0,1,2014,65.2,60.4,9.4,12.3,0.810975609756098
"643",0,0,0,0,0,0,0,0,0,0,1,0,0,0,0,0,1,0,0,2014,60.8,45.9,9.7,12.6,0.75
"644",0,0,0,0,0,0,0,0,0,0,1,0,1,0,0,0,0,0,0,2014,59,44,10,8.9,0.713414634146341
"645",0,0,0,0,0,0,0,0,0,0,1,0,0,0,1,0,0,0,0,2014,52.9,48.1,8.1,8.1,0.707317073170732
"646",0,0,0,0,0,0,0,0,0,0,1,0,0,0,0,1,0,0,0,2014,53.3,43.7,10,9.2,0.615853658536585
"647",0,0,0,0,0,0,0,0,0,0,1,0,0,1,0,0,0,0,0,2014,50.9,43.2,10,4.2,0.536585365853659
"648",0,0,0,0,0,0,0,0,0,0,1,0,0,0,0,0,0,1,0,2014,63.2,58.4,10,8.2,0.817073170731707
"649",0,0,0,0,0,0,0,0,0,0,1,0,0,0,0,0,0,0,1,2014,64.9,62.1,9.9,9.5,0.676829268292683
"650",0,0,0,0,0,0,0,0,0,0,1,0,0,0,0,0,1,0,0,2014,65,63.4,6.6,12,0.646341463414634
"651",0,0,0,0,0,0,0,0,0,0,1,0,1,0,0,0,0,0,0,2014,63.2,59.7,7.9,9.7,0.890243902439024
"652",0,0,0,0,0,0,0,0,0,0,1,0,0,0,1,0,0,0,0,2014,62.7,58.8,9,7.5,0.591463414634146
"653",0,0,0,0,0,0,0,0,0,0,1,0,0,0,0,1,0,0,0,2014,56,45.2,10,10.7,0.524390243902439
"654",0,0,0,0,0,0,0,0,0,0,1,0,0,1,0,0,0,0,0,2014,49,32.4,10,11.8,0.719512195121951
"655",0,0,0,0,0,0,0,0,0,0,1,0,0,0,0,0,0,1,0,2014,57.7,52.3,9.3,10.5,0.689024390243902
"656",0,0,0,0,0,0,0,0,0,0,1,0,0,0,0,0,0,0,1,2014,57,55.4,6.1,12.8,0.871951219512195
"657",0,0,0,0,0,0,0,0,0,0,1,0,0,0,0,0,1,0,0,2014,59.5,57,8.7,10.7,0.859756097560976
"658",0,0,0,0,0,0,0,0,0,0,1,0,1,0,0,0,0,0,0,2014,54.3,51.1,7.6,15.7,0.780487804878049
"659",0,0,0,0,0,0,0,0,0,0,1,0,0,0,1,0,0,0,0,2014,54.7,45.9,10,10.7,0.658536585365854
"660",0,0,0,0,0,0,0,0,0,0,1,0,0,0,0,1,0,0,0,2014,57.6,45.4,10,13.1,0.682926829268293
"661",0,0,0,0,0,0,0,0,0,0,1,0,0,1,0,0,0,0,0,2014,54.1,40.5,10,12,0.731707317073171
"662",0,0,0,0,0,0,0,0,0,0,1,0,0,0,0,0,0,1,0,2014,54.3,48,9.9,6.1,0.719512195121951
"663",0,0,0,0,0,0,0,0,0,0,1,0,0,0,0,0,0,0,1,2014,61.9,59,8,9.8,0.725609756097561
"664",0,0,0,0,0,0,0,0,0,0,1,0,0,0,0,0,1,0,0,2014,56.1,45,9.4,8.9,0.896341463414634
"665",0,0,0,0,0,0,0,0,0,0,1,0,1,0,0,0,0,0,0,2014,51.3,43.6,10,7.9,0.841463414634146
"666",0,0,0,0,0,0,0,0,0,1,0,0,0,1,0,0,0,0,0,2014,48.2,42.2,9.6,4,0.652439024390244
"667",0,0,0,0,0,0,0,0,0,1,0,0,0,0,0,0,0,1,0,2014,51,47.2,9.5,8.2,0.652439024390244
"668",0,0,0,0,0,0,0,0,0,1,0,0,0,0,0,0,0,0,1,2014,56.5,53.5,6,5.2,0.664634146341463
"669",0,0,0,0,0,0,0,0,0,1,0,0,0,0,0,0,1,0,0,2014,49.8,41.1,8.6,8.4,0.957317073170732
"670",0,0,0,0,0,0,0,0,0,1,0,0,1,0,0,0,0,0,0,2014,43.7,34.9,9.7,11.1,0.780487804878049
"671",0,0,0,0,0,0,0,0,0,1,0,0,0,0,1,0,0,0,0,2014,37,20.6,10,10.7,0.682926829268293
"672",0,0,0,0,0,0,0,0,0,1,0,0,0,0,0,1,0,0,0,2014,38.1,26,10,5.6,0.560975609756098
"673",0,0,0,0,0,0,0,0,0,1,0,0,0,1,0,0,0,0,0,2014,52.1,48.9,6.5,9.5,0.810975609756098
"674",0,0,0,0,0,0,0,0,0,1,0,0,0,0,0,0,0,1,0,2014,48.9,39.6,7.8,17.1,0.890243902439024
"675",0,0,0,0,0,0,0,0,0,1,0,0,0,0,0,0,0,0,1,2014,33.6,14.6,10,14.4,0.792682926829268
"676",0,0,0,0,0,0,0,0,0,1,0,0,0,0,0,0,1,0,0,2014,45.7,32.6,9.8,16.1,0.920731707317073
"677",0,0,0,0,0,0,0,0,0,1,0,0,1,0,0,0,0,0,0,2014,36.8,15.4,10,15.8,0.865853658536585
"678",0,0,0,0,0,0,0,0,0,1,0,0,0,0,1,0,0,0,0,2014,37.1,19.7,10,15.9,0.634146341463415
"679",0,0,0,0,0,0,0,0,0,1,0,0,0,0,0,1,0,0,0,2014,52.6,41.5,8.9,18.3,0.469512195121951
"680",0,0,0,0,0,0,0,0,0,1,0,0,0,1,0,0,0,0,0,2014,54.8,52.5,4.5,15.5,0.847560975609756
"681",0,0,0,0,0,0,0,0,0,1,0,0,0,0,0,0,0,1,0,2014,56.7,53.5,3.6,11.2,0.780487804878049
"682",0,0,0,0,0,0,0,0,0,1,0,0,0,0,0,0,0,0,1,2014,48,41.1,6.7,11.9,0.829268292682927
"683",0,0,0,0,0,0,0,0,0,1,0,0,1,0,0,0,0,0,0,2014,37,30.9,9.3,12.6,0.5
"684",0,0,0,0,0,0,0,0,0,1,0,0,0,0,1,0,0,0,0,2014,30.9,16.8,10,6.6,0.475609756097561
"685",0,0,0,0,0,0,0,0,0,1,0,0,0,0,0,1,0,0,0,2014,46.1,38.6,9.9,9.8,0.481707317073171
"686",0,0,0,0,0,0,0,0,0,1,0,0,0,0,1,0,0,0,0,2014,53,46.9,8.8,18.8,0.914634146341463
"687",0,0,0,0,0,0,0,0,0,1,0,0,0,0,0,1,0,0,0,2014,43.5,38.4,6.3,32.8,0.664634146341463
"688",0,0,0,0,0,0,0,0,0,1,0,0,0,1,0,0,0,0,0,2014,44.6,20.6,10,18.9,0.609756097560976
"689",0,0,0,0,0,0,0,0,0,1,0,0,0,0,0,0,0,1,0,2014,52.7,37.7,10,6.9,0.621951219512195
"690",0,0,0,0,0,0,0,0,0,1,0,0,0,0,0,0,0,0,1,2014,57.7,52.4,9.3,11.1,0.695121951219512
"691",0,0,0,0,0,0,0,0,0,1,0,0,0,0,0,0,1,0,0,2014,53.6,48.7,9.4,5.6,0.823170731707317
"692",0,0,0,0,0,0,0,0,0,1,0,0,1,0,0,0,0,0,0,2014,52.5,46.7,7.9,11.7,0.780487804878049
"693",0,0,0,0,0,0,0,0,0,1,0,0,0,0,1,0,0,0,0,2014,43.9,29.7,10,13.9,0.670731707317073
"694",0,0,0,0,0,0,0,0,0,1,0,0,0,0,0,1,0,0,0,2014,53.2,42.7,10,9.1,0.573170731707317
"695",0,0,1,0,0,0,0,0,0,0,0,0,0,1,0,0,0,0,0,2014,53.2,49,7.4,9.8,0.75
"696",0,0,1,0,0,0,0,0,0,0,0,0,0,0,0,0,0,1,0,2014,42.5,32.4,9.9,14.9,0.798780487804878
"697",0,0,1,0,0,0,0,0,0,0,0,0,0,0,0,0,0,0,1,2014,51.2,48.4,6.1,14.5,0.634146341463415
"698",0,0,1,0,0,0,0,0,0,0,0,0,0,0,0,0,1,0,0,2014,43.1,28,9.9,11.5,0.908536585365854
"699",0,0,1,0,0,0,0,0,0,0,0,0,1,0,0,0,0,0,0,2014,39.3,27.7,9.8,9.3,1
"700",0,0,1,0,0,0,0,0,0,0,0,0,0,0,1,0,0,0,0,2014,48.9,45.2,6.8,9.8,0.902439024390244
"701",0,0,1,0,0,0,0,0,0,0,0,0,0,0,0,1,0,0,0,2014,41.9,34,8,25,0.658536585365854
"702",0,0,1,0,0,0,0,0,0,0,0,0,0,1,0,0,0,0,0,2014,35.4,24.7,10,19.6,0.664634146341463
"703",0,0,1,0,0,0,0,0,0,0,0,0,0,0,0,0,0,1,0,2014,48.7,45.1,5.8,19.6,0.75
"704",0,0,1,0,0,0,0,0,0,0,0,0,0,0,0,0,0,0,1,2014,47.9,44.8,8.4,8.6,0.878048780487805
"705",0,0,1,0,0,0,0,0,0,0,0,0,0,0,0,0,1,0,0,2014,40.8,33.7,9.5,19.3,0.878048780487805
"706",0,0,1,0,0,0,0,0,0,0,0,0,1,0,0,0,0,0,0,2014,37,27.8,10,8.2,0.975609756097561
"707",0,0,1,0,0,0,0,0,0,0,0,0,0,0,1,0,0,0,0,2014,36.9,27.7,9.9,9.8,0.75609756097561
"708",0,0,1,0,0,0,0,0,0,0,0,0,0,0,0,1,0,0,0,2014,39,30.1,10,10.9,0.49390243902439
"709",0,0,1,0,0,0,0,0,0,0,0,0,0,1,0,0,0,0,0,2014,37.8,31.6,9.9,5.8,0.73780487804878
"710",0,0,1,0,0,0,0,0,0,0,0,0,0,0,0,0,0,1,0,2014,44,37,9.6,4.2,0.817073170731707
"711",0,0,1,0,0,0,0,0,0,0,0,0,0,0,0,0,0,0,1,2014,48.6,45.7,8,8.8,0.725609756097561
"712",0,0,1,0,0,0,0,0,0,0,0,0,0,0,0,0,1,0,0,2014,42.4,32.2,10,14.1,0.792682926829268
"713",0,0,1,0,0,0,0,0,0,0,0,0,1,0,0,0,0,0,0,2014,37.3,26.2,10,9.6,0.914634146341463
"714",0,0,1,0,0,0,0,0,0,0,0,0,0,0,1,0,0,0,0,2014,38.2,30.8,10,8.3,0.585365853658537
"715",0,0,1,0,0,0,0,0,0,0,0,0,0,0,0,1,0,0,0,2014,41.4,34,9.8,7.1,0.457317073170732
"716",0,0,1,0,0,0,0,0,0,0,0,0,0,1,0,0,0,0,0,2014,42.9,37.4,9.7,7.5,0.713414634146341
"717",0,0,1,0,0,0,0,0,0,0,0,0,0,0,0,0,0,1,0,2014,47.4,44.2,6.6,11.1,0.847560975609756
"718",0,0,1,0,0,0,0,0,0,0,0,0,0,0,0,0,0,0,1,2014,50.7,49.2,2.1,10.2,0.524390243902439
"719",0,0,1,0,0,0,0,0,0,0,0,0,1,0,0,0,0,0,0,2014,44.8,33.5,10,10.4,0.463414634146341
"720",0,0,1,0,0,0,0,0,0,0,0,0,0,0,1,0,0,0,0,2014,43.7,36.4,10,7.4,0.5
"721",0,0,1,0,0,0,0,0,0,0,0,0,0,0,0,1,0,0,0,2014,47,43.2,9.5,10.7,0.335365853658537
"722",0,0,1,0,0,0,0,0,0,0,0,0,0,1,0,0,0,0,0,2014,41.2,27.8,9.9,8.4,0.481707317073171
"723",0,0,1,0,0,0,0,0,0,0,0,0,0,0,0,0,0,1,0,2014,32.1,15.4,10,11.9,0.664634146341463
"724",0,0,1,0,0,0,0,0,0,0,0,0,0,0,0,0,0,0,1,2014,26.9,8.3,9.9,7.5,0.469512195121951
"725",0,0,0,0,1,0,0,0,0,0,0,0,0,0,0,0,1,0,0,2015,31.8,15.1,9.9,13.6,0.371428571428571
"726",0,0,0,0,1,0,0,0,0,0,0,0,1,0,0,0,0,0,0,2015,40.4,21.5,10,13.1,0.497142857142857
"727",0,0,0,0,1,0,0,0,0,0,0,0,0,0,1,0,0,0,0,2015,34.5,19.8,9.5,11.1,0.554285714285714
"728",0,0,0,0,1,0,0,0,0,0,0,0,0,1,0,0,0,0,0,2015,44,32.1,7.6,16.3,0.405714285714286
"729",0,0,0,0,1,0,0,0,0,0,0,0,0,0,0,0,0,1,0,2015,20.8,5.2,8.8,10.3,0.571428571428571
"730",0,0,0,0,1,0,0,0,0,0,0,0,0,0,0,0,0,0,1,2015,22.6,10.2,9.4,12.1,0.542857142857143
"731",0,0,0,0,1,0,0,0,0,0,0,0,0,0,0,0,1,0,0,2015,13.1,-2.4,9.9,14.8,0.731428571428571
"732",0,0,0,0,1,0,0,0,0,0,0,0,1,0,0,0,0,0,0,2015,35.2,22.5,9.5,21,0.805714285714286
"733",0,0,0,0,1,0,0,0,0,0,0,0,0,0,1,0,0,0,0,2015,26.9,10,10,10.2,0.48
"734",0,0,0,0,1,0,0,0,0,0,0,0,0,0,0,1,0,0,0,2015,27.1,12.1,10,8.8,0.36
"735",0,0,0,0,1,0,0,0,0,0,0,0,0,1,0,0,0,0,0,2015,40.9,35.6,7.7,6.3,0.565714285714286
"736",0,0,0,0,1,0,0,0,0,0,0,0,0,0,0,0,0,1,0,2015,32.6,25.6,8.4,16.3,0.708571428571429
"737",0,0,0,0,1,0,0,0,0,0,0,0,0,0,0,0,0,0,1,2015,32.1,24,8,9.6,0.6
"738",0,0,0,0,1,0,0,0,0,0,0,0,0,0,0,0,1,0,0,2015,35.8,33.6,2.8,14.1,0.72
"739",0,0,0,0,1,0,0,0,0,0,0,0,1,0,0,0,0,0,0,2015,34.5,23.4,10,14.9,0.651428571428571
"740",0,0,0,0,1,0,0,0,0,0,0,0,0,0,1,0,0,0,0,2015,20.2,1.9,10,13.3,0.537142857142857
"741",0,0,0,0,1,0,0,0,0,0,0,0,0,0,0,1,0,0,0,2015,40,32.8,9.2,13.4,0.502857142857143
"742",0,0,0,0,1,0,0,0,0,0,0,0,0,0,0,0,0,1,0,2015,35.7,23.4,10,13.1,0.548571428571429
"743",0,0,0,0,1,0,0,0,0,0,0,0,0,0,0,0,0,0,1,2015,32.3,17.7,10,7.9,0.52
"744",0,0,0,0,1,0,0,0,0,0,0,0,0,0,0,0,1,0,0,2015,35.5,30.5,8.4,8.4,0.56
"745",0,0,0,0,1,0,0,0,0,0,0,0,1,0,0,0,0,0,0,2015,31.6,20.4,10,10.4,0.788571428571429
"746",0,0,0,0,1,0,0,0,0,0,0,0,0,0,1,0,0,0,0,2015,38.5,34.8,6.7,12.4,0.451428571428571
"747",0,0,0,0,1,0,0,0,0,0,0,0,0,0,0,1,0,0,0,2015,36.5,26.7,9.4,16,0.417142857142857
"748",0,0,0,0,1,0,0,0,0,0,0,0,0,1,0,0,0,0,0,2015,31.2,20.9,6.7,12.7,0.4
"749",0,0,0,0,1,0,0,0,0,0,0,0,0,0,0,0,0,0,1,2015,21.6,14.7,6.6,16.6,0.474285714285714
"750",0,0,0,0,1,0,0,0,0,0,0,0,0,0,0,0,1,0,0,2015,29.2,20.9,10,8.5,0.531428571428571
"751",0,0,0,0,1,0,0,0,0,0,0,0,1,0,0,0,0,0,0,2015,35.1,31.1,8.4,8.1,0.697142857142857
"752",0,0,0,0,1,0,0,0,0,0,0,0,0,0,1,0,0,0,0,2015,24.5,12.9,7.8,20.3,0.645714285714286
"753",0,0,0,1,0,0,0,0,0,0,0,0,0,0,0,1,0,0,0,2015,24.8,10.2,10,16.8,0.371428571428571
"754",0,0,0,1,0,0,0,0,0,0,0,0,0,1,0,0,0,0,0,2015,33.1,27.4,5.7,12.8,0.451428571428571
"755",0,0,0,1,0,0,0,0,0,0,0,0,0,0,0,0,0,1,0,2015,21,11.7,9.3,17.6,0.685714285714286
"756",0,0,0,1,0,0,0,0,0,0,0,0,0,0,0,0,0,0,1,2015,28.1,18.4,10,7.6,0.611428571428571
"757",0,0,0,1,0,0,0,0,0,0,0,0,0,0,0,0,1,0,0,2015,34.1,28.9,7.2,12.9,0.657142857142857
"758",0,0,0,1,0,0,0,0,0,0,0,0,1,0,0,0,0,0,0,2015,16.8,5,9.8,15.8,0.811428571428571
"759",0,0,0,1,0,0,0,0,0,0,0,0,0,0,1,0,0,0,0,2015,27.4,16,9.5,10.3,0.462857142857143
"760",0,0,0,1,0,0,0,0,0,0,0,0,0,0,0,1,0,0,0,2015,34.5,29.9,7.6,6,0.388571428571429
"761",0,0,0,1,0,0,0,0,0,0,0,0,0,1,0,0,0,0,0,2015,37.1,34.3,6.3,14.9,0.514285714285714
"762",0,0,0,1,0,0,0,0,0,0,0,0,0,0,0,0,0,1,0,2015,36.4,32.9,7.4,21.1,0.634285714285714
"763",0,0,0,1,0,0,0,0,0,0,0,0,0,0,0,0,0,0,1,2015,32.6,23.3,9.9,23.9,0.582857142857143
"764",0,0,0,1,0,0,0,0,0,0,0,0,0,0,0,0,1,0,0,2015,31,23.6,8.9,9.5,0.502857142857143
"765",0,0,0,1,0,0,0,0,0,0,0,0,1,0,0,0,0,0,0,2015,21.8,11,8.1,16.2,1
"766",0,0,0,1,0,0,0,0,0,0,0,0,0,0,1,0,0,0,0,2015,20.6,8.9,8.6,8.4,0.571428571428571
"767",0,0,0,1,0,0,0,0,0,0,0,0,0,0,0,1,0,0,0,2015,25.7,21,4.6,19.6,0.542857142857143
"768",0,0,0,1,0,0,0,0,0,0,0,0,0,1,0,0,0,0,0,2015,10.7,-4.6,8.6,22.7,0.502857142857143
"769",0,0,0,1,0,0,0,0,0,0,0,0,0,0,0,0,0,1,0,2015,21.7,11.8,6.5,7.7,0.611428571428571
"770",0,0,0,1,0,0,0,0,0,0,0,0,0,0,0,0,0,0,1,2015,30.6,24.5,10,8.8,0.68
"771",0,0,0,1,0,0,0,0,0,0,0,0,0,0,0,0,1,0,0,2015,27,19.7,6.9,11,0.64
"772",0,0,0,1,0,0,0,0,0,0,0,0,1,0,0,0,0,0,0,2015,14.1,-0.8,9.5,18.8,0.834285714285714
"773",0,0,0,1,0,0,0,0,0,0,0,0,0,0,1,0,0,0,0,2015,21.9,10.6,10,8.5,0.497142857142857
"774",0,0,0,1,0,0,0,0,0,0,0,0,0,0,0,1,0,0,0,2015,36,34,2.6,7.7,0.445714285714286
"775",0,0,0,1,0,0,0,0,0,0,0,0,0,1,0,0,0,0,0,2015,29.4,19.6,6,8.9,0.622857142857143
"776",0,0,0,1,0,0,0,0,0,0,0,0,0,0,0,0,0,1,0,2015,14.3,0.2,10,11.9,0.44
"777",0,0,0,1,0,0,0,0,0,0,0,0,1,0,0,0,0,0,0,2015,24.2,12.2,10,9.3,0.44
"778",0,0,0,1,0,0,0,0,0,0,0,0,0,0,1,0,0,0,0,2015,22.2,9.9,10,7.2,0.571428571428571
"779",0,0,0,0,0,0,0,1,0,0,0,0,0,0,0,1,0,0,0,2015,23.1,14.2,9.1,5.1,0.56
"780",0,0,0,0,0,0,0,1,0,0,0,0,0,1,0,0,0,0,0,2015,33.4,27.2,6.8,10.9,0.68
"781",0,0,0,0,0,0,0,1,0,0,0,0,0,0,0,0,0,1,0,2015,27,10.3,10,10.8,0.542857142857143
"782",0,0,0,0,0,0,0,1,0,0,0,0,0,0,0,0,0,0,1,2015,36.1,33.8,3.1,14.8,0.634285714285714
"783",0,0,0,0,0,0,0,1,0,0,0,0,0,0,0,0,1,0,0,2015,32.7,30.2,1.6,10,0.691428571428571
"784",0,0,0,0,0,0,0,1,0,0,0,0,0,0,1,0,0,0,0,2015,25,15.9,9.9,10.9,0.748571428571429
"785",0,0,0,0,0,0,0,1,0,0,0,0,0,0,0,1,0,0,0,2015,33.8,28,9.2,8,0.48
"786",0,0,0,0,0,0,0,1,0,0,0,0,0,1,0,0,0,0,0,2015,35.6,26.1,9.6,9.5,0.691428571428571
"787",0,0,0,0,0,0,0,1,0,0,0,0,0,0,0,0,0,1,0,2015,36.5,30.3,9.9,6,0.634285714285714
"788",0,0,0,0,0,0,0,1,0,0,0,0,0,0,0,0,0,0,1,2015,42.1,38.5,5,12.3,0.662857142857143
"789",0,0,0,0,0,0,0,1,0,0,0,0,0,0,0,0,1,0,0,2015,38.1,21.9,10,14.1,0.64
"790",0,0,0,0,0,0,0,1,0,0,0,0,1,0,0,0,0,0,0,2015,31.1,11.6,10,12.3,0.64
"791",0,0,0,0,0,0,0,1,0,0,0,0,0,0,1,0,0,0,0,2015,38.7,33.3,5.8,10.8,0.685714285714286
"792",0,0,0,0,0,0,0,1,0,0,0,0,0,0,0,1,0,0,0,2015,38.5,33.8,7,12.3,0.52
"793",0,0,0,0,0,0,0,1,0,0,0,0,0,1,0,0,0,0,0,2015,32.9,18.5,9,17.1,0.617142857142857
"794",0,0,0,0,0,0,0,1,0,0,0,0,0,0,0,0,0,1,0,2015,38.6,34.1,7.9,10.1,0.571428571428571
"795",0,0,0,0,0,0,0,1,0,0,0,0,0,0,0,0,0,0,1,2015,31,3.9,10,21.1,0.622857142857143
"796",0,0,0,0,0,0,0,1,0,0,0,0,0,0,0,0,1,0,0,2015,27.6,-1.5,10,18.3,0.577142857142857
"797",0,0,0,0,0,0,0,1,0,0,0,0,1,0,0,0,0,0,0,2015,30.3,13.2,9,6.3,0.531428571428571
"798",0,0,0,0,0,0,0,1,0,0,0,0,0,0,1,0,0,0,0,2015,34.2,31,7,8.5,0.485714285714286
"799",0,0,0,0,0,0,0,1,0,0,0,0,0,0,0,1,0,0,0,2015,35.1,18.8,9.4,15.7,0.548571428571429
"800",0,0,0,0,0,0,0,1,0,0,0,0,0,1,0,0,0,0,0,2015,27.2,1.4,10,14.9,0.628571428571429
"801",0,0,0,0,0,0,0,1,0,0,0,0,0,0,0,0,0,1,0,2015,31.4,16.3,10,6.7,0.68
"802",0,0,0,0,0,0,0,1,0,0,0,0,0,0,0,0,0,0,1,2015,33.6,24.1,9.9,6.7,0.594285714285714
"803",0,0,0,0,0,0,0,1,0,0,0,0,0,0,0,0,1,0,0,2015,42.6,39.7,4.2,12.8,0.52
"804",0,0,0,0,0,0,0,1,0,0,0,0,1,0,0,0,0,0,0,2015,42.4,40,5.1,13.1,0.6
"805",0,0,0,0,0,0,0,1,0,0,0,0,0,0,1,0,0,0,0,2015,37.4,34.5,7.8,12.7,0.508571428571429
"806",0,0,0,0,0,0,0,1,0,0,0,0,0,0,0,1,0,0,0,2015,34.9,23.9,9.5,10.6,0.542857142857143
"807",0,0,0,0,0,0,0,1,0,0,0,0,0,1,0,0,0,0,0,2015,36.8,28.3,9.8,11,0.662857142857143
"808",0,0,0,0,0,0,0,1,0,0,0,0,0,0,0,0,0,1,0,2015,39.4,31.2,9.8,13.6,0.714285714285714
"809",1,0,0,0,0,0,0,0,0,0,0,0,0,0,0,0,0,0,1,2015,37.9,24.8,9.8,11.5,0.811428571428571
"810",1,0,0,0,0,0,0,0,0,0,0,0,0,0,0,0,1,0,0,2015,37.1,27.6,9.9,7,0.92
"811",1,0,0,0,0,0,0,0,0,0,0,0,1,0,0,0,0,0,0,2015,45,41.6,5.9,14.6,0.554285714285714
"812",1,0,0,0,0,0,0,0,0,0,0,0,0,0,1,0,0,0,0,2015,47.3,39.1,4.8,13.7,0.554285714285714
"813",1,0,0,0,0,0,0,0,0,0,0,0,0,0,0,1,0,0,0,2015,41.6,27.3,10,12.5,0.474285714285714
"814",1,0,0,0,0,0,0,0,0,0,0,0,0,1,0,0,0,0,0,2015,43.2,36.1,9.5,6.8,0.554285714285714
"815",1,0,0,0,0,0,0,0,0,0,0,0,0,0,0,0,0,1,0,2015,44.2,40.5,8.6,9.3,0.72
"816",1,0,0,0,0,0,0,0,0,0,0,0,0,0,0,0,0,0,1,2015,41.2,34.2,10,14.8,0.617142857142857
"817",1,0,0,0,0,0,0,0,0,0,0,0,0,0,0,0,1,0,0,2015,39.4,35.5,4.5,18.7,0.594285714285714
"818",1,0,0,0,0,0,0,0,0,0,0,0,1,0,0,0,0,0,0,2015,43.9,41.7,3.6,9.4,0.571428571428571
"819",1,0,0,0,0,0,0,0,0,0,0,0,0,0,1,0,0,0,0,2015,47.8,40.7,5.1,12.4,0.725714285714286
"820",1,0,0,0,0,0,0,0,0,0,0,0,0,0,0,1,0,0,0,2015,45,31.4,10,10.1,0.52
"821",1,0,0,0,0,0,0,0,0,0,0,0,0,1,0,0,0,0,0,2015,45,38.2,10,9.1,0.64
"822",1,0,0,0,0,0,0,0,0,0,0,0,0,0,0,0,0,1,0,2015,49.8,46.3,8.9,10.2,0.617142857142857
"823",1,0,0,0,0,0,0,0,0,0,0,0,0,0,0,0,0,0,1,2015,50.6,35.8,8.3,6.9,0.668571428571429
"824",1,0,0,0,0,0,0,0,0,0,0,0,0,0,0,0,1,0,0,2015,46.4,28.5,10,8.6,0.64
"825",1,0,0,0,0,0,0,0,0,0,0,0,1,0,0,0,0,0,0,2015,47.5,43.2,6.9,12.5,0.862857142857143
"826",1,0,0,0,0,0,0,0,0,0,0,0,0,0,1,0,0,0,0,2015,51.9,45.2,7.3,7.7,0.697142857142857
"827",1,0,0,0,0,0,0,0,0,0,0,0,0,0,0,1,0,0,0,2015,46.3,37.4,9.9,11,0.497142857142857
"828",1,0,0,0,0,0,0,0,0,0,0,0,0,1,0,0,0,0,0,2015,45.2,40.7,8.5,16.2,0.777142857142857
"829",1,0,0,0,0,0,0,0,0,0,0,0,0,0,0,0,0,1,0,2015,51.5,48.6,3.6,14.3,0.748571428571429
"830",1,0,0,0,0,0,0,0,0,0,0,0,0,0,0,0,0,0,1,2015,49.8,39.7,10,8.6,0.662857142857143
"831",1,0,0,0,0,0,0,0,0,0,0,0,0,0,0,0,1,0,0,2015,46.9,37.6,9.8,13.4,0.765714285714286
"832",1,0,0,0,0,0,0,0,0,0,0,0,1,0,0,0,0,0,0,2015,44,27.7,10,14.6,0.862857142857143
"833",1,0,0,0,0,0,0,0,0,0,0,0,0,0,1,0,0,0,0,2015,43.7,27.5,9.9,12.9,0.662857142857143
"834",1,0,0,0,0,0,0,0,0,0,0,0,0,0,0,1,0,0,0,2015,46.1,34,9.8,7.4,0.491428571428571
"835",1,0,0,0,0,0,0,0,0,0,0,0,0,1,0,0,0,0,0,2015,49,37.9,10,8.9,0.6
"836",1,0,0,0,0,0,0,0,0,0,0,0,0,0,0,0,0,1,0,2015,46,35.9,9.8,15.7,0.742857142857143
"837",1,0,0,0,0,0,0,0,0,0,0,0,0,0,0,0,0,0,1,2015,49.3,38.5,9.8,7.8,0.782857142857143
"838",1,0,0,0,0,0,0,0,0,0,0,0,0,0,0,0,1,0,0,2015,48.1,38.3,10,7.8,0.794285714285714
"839",0,0,0,0,0,0,0,0,1,0,0,0,1,0,0,0,0,0,0,2015,43.8,37.2,9.6,13.3,0.851428571428571
"840",0,0,0,0,0,0,0,0,1,0,0,0,0,0,1,0,0,0,0,2015,44.4,36.7,10,9.6,0.542857142857143
"841",0,0,0,0,0,0,0,0,1,0,0,0,0,0,0,1,0,0,0,2015,44.5,38,9.9,5.3,0.668571428571429
"842",0,0,0,0,0,0,0,0,1,0,0,0,0,1,0,0,0,0,0,2015,52.2,47.2,9.9,8.8,0.582857142857143
"843",0,0,0,0,0,0,0,0,1,0,0,0,0,0,0,0,0,1,0,2015,57.1,48.6,9.8,11,0.714285714285714
"844",0,0,0,0,0,0,0,0,1,0,0,0,0,0,0,0,0,0,1,2015,55.3,42.1,9.7,6.8,0.72
"845",0,0,0,0,0,0,0,0,1,0,0,0,0,0,0,0,1,0,0,2015,55.9,42.3,9.8,7.2,0.72
"846",0,0,0,0,0,0,0,0,1,0,0,0,1,0,0,0,0,0,0,2015,52.4,47.8,7.1,8.8,0.754285714285714
"847",0,0,0,0,0,0,0,0,1,0,0,0,0,0,1,0,0,0,0,2015,54.3,50.9,4.4,6.4,0.588571428571429
"848",0,0,0,0,0,0,0,0,1,0,0,0,0,0,0,1,0,0,0,2015,57,54.8,0.8,8.3,0.531428571428571
"849",0,0,0,0,0,0,0,0,1,0,0,0,0,1,0,0,0,0,0,2015,57.9,55.9,0.8,11.1,0.771428571428571
"850",0,0,0,0,0,0,0,0,1,0,0,0,0,0,0,0,0,1,0,2015,58.3,56.2,0.9,11.3,0.76
"851",0,0,0,0,0,0,0,0,1,0,0,0,0,0,0,0,0,0,1,2015,59.5,47.2,8.7,12.2,0.771428571428571
"852",0,0,0,0,0,0,0,0,1,0,0,0,0,0,0,0,1,0,0,2015,54,39.9,10,6.9,0.828571428571429
"853",0,0,0,0,0,0,0,0,1,0,0,0,0,0,1,0,0,0,0,2015,55.5,50.3,9.9,7.5,0.897142857142857
"854",0,0,0,0,0,0,0,0,1,0,0,0,0,0,0,1,0,0,0,2015,63.1,56.2,9.4,9.1,0.582857142857143
"855",0,0,0,0,0,0,0,0,1,0,0,0,0,1,0,0,0,0,0,2015,53.9,48.8,5.7,9.4,0.662857142857143
"856",0,0,0,0,0,0,0,0,1,0,0,0,0,0,0,0,0,1,0,2015,51.4,49.9,2.3,8.6,0.668571428571429
"857",0,0,0,0,0,0,0,0,1,0,0,0,0,0,0,0,0,0,1,2015,58.8,50.1,6.1,11.2,0.805714285714286
"858",0,0,0,0,0,0,0,0,1,0,0,0,0,0,0,0,1,0,0,2015,54.8,41.1,10,7.7,0.731428571428571
"859",0,0,0,0,0,0,0,0,1,0,0,0,1,0,0,0,0,0,0,2015,53.8,48,9.1,9.2,0.788571428571429
"860",0,0,0,0,0,0,0,0,1,0,0,0,0,0,1,0,0,0,0,2015,54.8,33.2,10,15,0.508571428571429
"861",0,0,0,0,0,0,0,0,1,0,0,0,0,0,0,1,0,0,0,2015,56.5,48.2,10,15.5,0.48
"862",0,0,0,0,0,0,0,0,1,0,0,0,0,0,0,0,0,1,0,2015,61.1,56.2,9.8,14.4,0.8
"863",0,0,0,0,0,0,0,0,1,0,0,0,0,0,0,0,0,0,1,2015,62.4,57.8,8.5,13.4,0.862857142857143
"864",0,0,0,0,0,0,0,0,1,0,0,0,0,0,0,0,1,0,0,2015,62.4,57.6,9.2,11.7,0.868571428571429
"865",0,0,0,0,0,0,0,0,1,0,0,0,1,0,0,0,0,0,0,2015,65.4,57.4,9.2,5.7,0.845714285714286
"866",0,0,0,0,0,0,0,0,1,0,0,0,0,0,1,0,0,0,0,2015,63.3,59.9,4.2,8.5,0.76
"867",0,0,0,0,0,0,0,0,1,0,0,0,0,0,0,1,0,0,0,2015,64.7,60.9,7.1,11.2,0.731428571428571
"868",0,0,0,0,0,0,1,0,0,0,0,0,0,1,0,0,0,0,0,2015,55.9,52.8,4.9,12.7,0.725714285714286
"869",0,0,0,0,0,0,1,0,0,0,0,0,0,0,0,0,0,1,0,2015,53.4,50.1,6.6,13.7,0.72
"870",0,0,0,0,0,0,1,0,0,0,0,0,0,0,0,0,0,0,1,2015,53,44.9,10,13.9,0.851428571428571
"871",0,0,0,0,0,0,1,0,0,0,0,0,0,0,0,0,1,0,0,2015,52.2,42.8,10,7.9,0.72
"872",0,0,0,0,0,0,1,0,0,0,0,0,1,0,0,0,0,0,0,2015,53.1,46.6,10,7.3,0.817142857142857
"873",0,0,0,0,0,0,1,0,0,0,0,0,0,0,1,0,0,0,0,2015,58,52.5,8.4,11.5,0.617142857142857
"874",0,0,0,0,0,0,1,0,0,0,0,0,0,0,0,1,0,0,0,2015,59.5,45.8,10,7.7,0.548571428571429
"875",0,0,0,0,0,0,1,0,0,0,0,0,0,1,0,0,0,0,0,2015,59.6,51.8,10,10.6,0.737142857142857
"876",0,0,0,0,0,0,1,0,0,0,0,0,0,0,0,0,0,1,0,2015,64,59.9,7.9,14.2,0.685714285714286
"877",0,0,0,0,0,0,1,0,0,0,0,0,0,0,0,0,0,0,1,2015,65.2,58.5,6.4,8.8,0.777142857142857
"878",0,0,0,0,0,0,1,0,0,0,0,0,0,0,0,0,1,0,0,2015,64.6,59.7,9.1,11.8,0.714285714285714
"879",0,0,0,0,0,0,1,0,0,0,0,0,1,0,0,0,0,0,0,2015,67,60.2,5.9,6.8,0.634285714285714
"880",0,0,0,0,0,0,1,0,0,0,0,0,0,0,1,0,0,0,0,2015,68,61,6,10.9,0.394285714285714
"881",0,0,0,0,0,0,1,0,0,0,0,0,0,0,0,1,0,0,0,2015,66.9,53.5,10,8.9,0.6
"882",0,0,0,0,0,0,1,0,0,0,0,0,0,1,0,0,0,0,0,2015,57.8,51.4,8,9.9,0.645714285714286
"883",0,0,0,0,0,0,1,0,0,0,0,0,0,0,0,0,0,1,0,2015,64.2,61.9,3.6,7.1,0.697142857142857
"884",0,0,0,0,0,0,1,0,0,0,0,0,0,0,0,0,0,0,1,2015,64.8,53.9,8.4,14.5,0.794285714285714
"885",0,0,0,0,0,0,1,0,0,0,0,0,0,0,0,0,1,0,0,2015,59.1,47.7,10,3.9,0.708571428571429
"886",0,0,0,0,0,0,1,0,0,0,0,0,1,0,0,0,0,0,0,2015,65.6,58,10,7.4,0.834285714285714
"887",0,0,0,0,0,0,1,0,0,0,0,0,0,0,1,0,0,0,0,2015,62,56,10,9,0.468571428571429
"888",0,0,0,0,0,0,1,0,0,0,0,0,0,0,0,1,0,0,0,2015,64.9,61.5,6.2,11.3,0.622857142857143
"889",0,0,0,0,0,0,1,0,0,0,0,0,0,1,0,0,0,0,0,2015,67.1,62.7,6.2,6.2,0.8
"890",0,0,0,0,0,0,1,0,0,0,0,0,0,0,0,0,0,1,0,2015,65.5,61.1,7.8,10.2,0.662857142857143
"891",0,0,0,0,0,0,1,0,0,0,0,0,0,0,0,0,0,0,1,2015,70.8,62.5,8.2,9.4,0.885714285714286
"892",0,0,0,0,0,0,1,0,0,0,0,0,0,0,0,0,1,0,0,2015,68.7,57.9,10,7.4,0.828571428571429
"893",0,0,0,0,0,0,1,0,0,0,0,0,1,0,0,0,0,0,0,2015,66,60.5,9.9,7.9,1
"894",0,0,0,0,0,0,1,0,0,0,0,0,0,0,1,0,0,0,0,2015,61.5,55.4,9.2,8.4,0.708571428571429
"895",0,0,0,0,0,0,1,0,0,0,0,0,0,0,0,1,0,0,0,2015,64.4,61.6,4.3,13,0.605714285714286
"896",0,0,0,0,0,0,1,0,0,0,0,0,0,1,0,0,0,0,0,2015,64.3,59.4,7.4,9.7,0.748571428571429
"897",0,0,0,0,0,0,1,0,0,0,0,0,0,0,0,0,0,1,0,2015,67.1,61.8,9.3,7.1,0.782857142857143
"898",0,0,0,0,0,1,0,0,0,0,0,0,1,0,0,0,0,0,0,2015,71.7,60.3,10,7.5,0.525714285714286
"899",0,0,0,0,0,1,0,0,0,0,0,0,0,0,1,0,0,0,0,2015,68.5,60.2,9.7,4.4,0.497142857142857
"900",0,0,0,0,0,1,0,0,0,0,0,0,0,0,0,1,0,0,0,2015,65.8,61.6,8.8,8.5,0.52
"901",0,0,0,0,0,1,0,0,0,0,0,0,0,1,0,0,0,0,0,2015,71.1,66.5,9.9,8.3,0.811428571428571
"902",0,0,0,0,0,1,0,0,0,0,0,0,0,0,0,0,0,1,0,2015,72.4,68.7,9,7.2,0.777142857142857
"903",0,0,0,0,0,1,0,0,0,0,0,0,0,0,0,0,0,0,1,2015,76,69.9,5.4,6.8,0.8
"904",0,0,0,0,0,1,0,0,0,0,0,0,0,0,0,0,1,0,0,2015,74.2,70.7,6.2,9.7,0.868571428571429
"905",0,0,0,0,0,1,0,0,0,0,0,0,1,0,0,0,0,0,0,2015,76.7,68.5,8.5,8.5,0.971428571428571
"906",0,0,0,0,0,1,0,0,0,0,0,0,0,0,0,0,0,0,1,2015,65.5,62.2,6.5,10.4,0.965714285714286
"907",0,0,0,0,0,1,0,0,0,0,0,0,0,0,0,0,1,0,0,2015,68.7,62.5,7.1,7,0.702857142857143
"908",0,0,0,0,0,1,0,0,0,0,0,0,1,0,0,0,0,0,0,2015,68.3,58.3,7.6,5.8,0.48
"909",0,0,0,0,0,1,0,0,0,0,0,0,0,0,1,0,0,0,0,2015,62.9,55.4,8,6.2,0.468571428571429
"910",0,0,0,0,0,1,0,0,0,0,0,0,0,1,0,0,0,0,0,2015,69.2,64.4,8.8,8.2,0.594285714285714
"911",0,0,0,0,0,1,0,0,0,0,0,0,0,0,0,0,0,1,0,2015,68.1,64.3,7.4,8.2,0.88
"912",0,0,0,0,0,1,0,0,0,0,0,0,0,0,0,0,0,0,1,2015,70.6,67.8,3.8,9.8,0.697142857142857
"913",0,0,0,0,0,1,0,0,0,0,0,0,0,0,0,0,1,0,0,2015,69.1,61.2,8.5,9.8,0.582857142857143
"914",0,0,0,0,0,1,0,0,0,0,0,0,1,0,0,0,0,0,0,2015,65.2,60.1,8.7,7.9,0.862857142857143
"915",0,0,0,0,0,1,0,0,0,0,0,0,0,0,1,0,0,0,0,2015,71.8,62.1,10,8.4,0.571428571428571
"916",0,0,0,0,0,1,0,0,0,0,0,0,0,0,0,1,0,0,0,2015,71.5,64.6,9.7,9.3,0.588571428571429
"917",0,0,0,0,0,1,0,0,0,0,0,0,0,1,0,0,0,0,0,2015,70.9,64.9,8.3,5.3,0.685714285714286
"918",0,0,0,0,0,1,0,0,0,0,0,0,0,0,0,0,0,1,0,2015,67.4,63,9.8,9.2,0.777142857142857
"919",0,0,0,0,0,1,0,0,0,0,0,0,0,0,0,0,0,0,1,2015,72.3,68.8,6.8,4.5,0.805714285714286
"920",0,0,0,0,0,1,0,0,0,0,0,0,0,0,0,0,1,0,0,2015,67.3,57.3,9.2,16.6,0.862857142857143
"921",0,0,0,0,0,1,0,0,0,0,0,0,1,0,0,0,0,0,0,2015,64.9,57.6,10,6,0.822857142857143
"922",0,0,0,0,0,1,0,0,0,0,0,0,0,0,1,0,0,0,0,2015,67.8,60.5,10,9.7,0.777142857142857
"923",0,0,0,0,0,1,0,0,0,0,0,0,0,0,0,1,0,0,0,2015,71.4,67.9,6.9,9,0.611428571428571
"924",0,0,0,0,0,1,0,0,0,0,0,0,0,1,0,0,0,0,0,2015,73.4,69.9,4.1,9.3,0.971428571428571
"925",0,0,0,0,0,1,0,0,0,0,0,0,0,0,0,0,0,1,0,2015,72.6,69.7,3.6,5.4,0.725714285714286
"926",0,0,0,0,0,1,0,0,0,0,0,0,0,0,0,0,0,0,1,2015,73.7,65,7.8,9.2,0.76
"927",0,0,0,0,0,1,0,0,0,0,0,0,0,0,0,0,1,0,0,2015,71.9,60.8,10,8.3,0.697142857142857
"928",0,1,0,0,0,0,0,0,0,0,0,0,0,0,1,0,0,0,0,2015,73.4,68.5,8.9,9.2,0.742857142857143
"929",0,1,0,0,0,0,0,0,0,0,0,0,0,0,0,1,0,0,0,2015,75.9,64.8,9,7.8,0.605714285714286
"930",0,1,0,0,0,0,0,0,0,0,0,0,0,1,0,0,0,0,0,2015,74,68.2,9.1,8.9,0.72
"931",0,1,0,0,0,0,0,0,0,0,0,0,0,0,0,0,0,1,0,2015,75,71.7,6.1,10.4,0.788571428571429
"932",0,1,0,0,0,0,0,0,0,0,0,0,0,0,0,0,0,0,1,2015,74.5,68.8,7.6,7.8,0.64
"933",0,1,0,0,0,0,0,0,0,0,0,0,0,0,0,0,1,0,0,2015,73.5,59.6,10,9.3,0.76
"934",0,1,0,0,0,0,0,0,0,0,0,0,1,0,0,0,0,0,0,2015,71.2,61.9,10,7.4,0.862857142857143
"935",0,1,0,0,0,0,0,0,0,0,0,0,0,0,1,0,0,0,0,2015,69.7,61.1,10,11.8,0.508571428571429
"936",0,1,0,0,0,0,0,0,0,0,0,0,0,0,0,1,0,0,0,2015,67,62.1,9.2,13.1,0.497142857142857
"937",0,1,0,0,0,0,0,0,0,0,0,0,0,1,0,0,0,0,0,2015,66.9,60.8,9.3,6.6,0.571428571428571
"938",0,1,0,0,0,0,0,0,0,0,0,0,0,0,0,0,0,1,0,2015,67.9,64.4,7.5,12,0.788571428571429
"939",0,1,0,0,0,0,0,0,0,0,0,0,0,0,0,0,0,0,1,2015,71.9,67.4,7.2,7.9,0.902857142857143
"940",0,1,0,0,0,0,0,0,0,0,0,0,0,0,0,0,1,0,0,2015,71.1,65.8,8.4,5.2,0.845714285714286
"941",0,1,0,0,0,0,0,0,0,0,0,0,1,0,0,0,0,0,0,2015,70.4,63.5,8.6,4.8,0.942857142857143
"942",0,1,0,0,0,0,0,0,0,0,0,0,0,0,1,0,0,0,0,2015,71.8,67,8.2,6.7,0.628571428571429
"943",0,1,0,0,0,0,0,0,0,0,0,0,0,0,0,1,0,0,0,2015,74.3,68.8,9.5,8.5,0.542857142857143
"944",0,1,0,0,0,0,0,0,0,0,0,0,0,1,0,0,0,0,0,2015,74.1,70.4,7.6,8,0.708571428571429
"945",0,1,0,0,0,0,0,0,0,0,0,0,0,0,0,0,0,1,0,2015,74.5,71,8.8,8.8,0.697142857142857
"946",0,1,0,0,0,0,0,0,0,0,0,0,0,0,0,0,0,0,1,2015,73.9,70.1,6.3,5.4,0.725714285714286
"947",0,1,0,0,0,0,0,0,0,0,0,0,0,0,0,0,1,0,0,2015,73.4,69.4,6.4,9.7,0.691428571428571
"948",0,1,0,0,0,0,0,0,0,0,0,0,1,0,0,0,0,0,0,2015,73.6,70.2,7.1,9.7,0.782857142857143
"949",0,1,0,0,0,0,0,0,0,0,0,0,0,0,1,0,0,0,0,2015,73.9,71.1,4.8,6,0.611428571428571
"950",0,1,0,0,0,0,0,0,0,0,0,0,0,0,0,1,0,0,0,2015,73.4,69.9,4.7,7.6,0.44
"951",0,1,0,0,0,0,0,0,0,0,0,0,0,1,0,0,0,0,0,2015,71.7,69.2,3.8,5.4,0.651428571428571
"952",0,1,0,0,0,0,0,0,0,0,0,0,0,0,0,0,0,1,0,2015,72.8,68.7,9.7,7.4,0.702857142857143
"953",0,1,0,0,0,0,0,0,0,0,0,0,0,0,0,0,0,0,1,2015,73.8,68.1,9.2,7.4,0.697142857142857
"954",0,1,0,0,0,0,0,0,0,0,0,0,0,0,0,0,1,0,0,2015,72.3,60.6,10,8.5,0.68
"955",0,1,0,0,0,0,0,0,0,0,0,0,1,0,0,0,0,0,0,2015,71.4,59.5,10,6.6,0.668571428571429
"956",0,1,0,0,0,0,0,0,0,0,0,0,0,0,1,0,0,0,0,2015,70.3,62.5,10,7,0.651428571428571
"957",0,1,0,0,0,0,0,0,0,0,0,0,0,0,0,1,0,0,0,2015,72.6,66.8,10,8.5,0.531428571428571
"958",0,1,0,0,0,0,0,0,0,0,0,0,0,1,0,0,0,0,0,2015,74.8,69.6,9,11.2,0.6
"959",0,0,0,0,0,0,0,0,0,0,0,1,0,0,0,0,0,1,0,2015,74.6,64.7,9.4,8.3,0.708571428571429
"960",0,0,0,0,0,0,0,0,0,0,0,1,0,0,0,0,0,0,1,2015,66,62.6,9.7,5.3,0.685714285714286
"961",0,0,0,0,0,0,0,0,0,0,0,1,0,0,0,0,1,0,0,2015,74.5,70,7.5,6,0.742857142857143
"962",0,0,0,0,0,0,0,0,0,0,0,1,1,0,0,0,0,0,0,2015,70.6,65.2,6.8,12,0.765714285714286
"963",0,0,0,0,0,0,0,0,0,0,0,1,0,0,1,0,0,0,0,2015,66.8,55.9,10,9.3,0.451428571428571
"964",0,0,0,0,0,0,0,0,0,0,0,1,0,0,0,1,0,0,0,2015,66.6,55.9,10,4.7,0.428571428571429
"965",0,0,0,0,0,0,0,0,0,0,0,1,0,1,0,0,0,0,0,2015,73,66.9,10,11.9,0.445714285714286
"966",0,0,0,0,0,0,0,0,0,0,0,1,0,0,0,0,0,1,0,2015,76.4,69.6,9.1,13.5,0.88
"967",0,0,0,0,0,0,0,0,0,0,0,1,0,0,0,0,0,0,1,2015,75.8,71,7.6,10.3,0.891428571428571
"968",0,0,0,0,0,0,0,0,0,0,0,1,0,0,0,0,1,0,0,2015,73.8,71.2,5.6,5.6,0.822857142857143
"969",0,0,0,0,0,0,0,0,0,0,0,1,1,0,0,0,0,0,0,2015,68.6,65.6,9.5,12.6,0.817142857142857
"970",0,0,0,0,0,0,0,0,0,0,0,1,0,0,1,0,0,0,0,2015,67.7,59.2,9.9,8.8,0.64
"971",0,0,0,0,0,0,0,0,0,0,0,1,0,0,0,1,0,0,0,2015,68.2,65,8.8,8.4,0.52
"972",0,0,0,0,0,0,0,0,0,0,0,1,0,1,0,0,0,0,0,2015,67.6,57.8,10,14.5,0.594285714285714
"973",0,0,0,0,0,0,0,0,0,0,0,1,0,0,0,0,0,1,0,2015,70.8,58.4,10,10.1,0.777142857142857
"974",0,0,0,0,0,0,0,0,0,0,0,1,0,0,0,0,0,0,1,2015,72.8,61.9,10,6.2,0.874285714285714
"975",0,0,0,0,0,0,0,0,0,0,0,1,0,0,0,0,1,0,0,2015,69.3,65.6,7.8,5.9,0.817142857142857
"976",0,0,0,0,0,0,0,0,0,0,0,1,1,0,0,0,0,0,0,2015,70.1,66.5,7.9,6.4,0.857142857142857
"977",0,0,0,0,0,0,0,0,0,0,0,1,0,0,1,0,0,0,0,2015,70.4,66.2,6.6,5.2,0.822857142857143
"978",0,0,0,0,0,0,0,0,0,0,0,1,0,0,0,1,0,0,0,2015,70.7,65.3,7.5,8.9,0.582857142857143
"979",0,0,0,0,0,0,0,0,0,0,0,1,0,1,0,0,0,0,0,2015,63.9,52.9,10,17.3,0.651428571428571
"980",0,0,0,0,0,0,0,0,0,0,0,1,0,0,0,0,0,1,0,2015,63.5,55.8,10,10.4,0.662857142857143
"981",0,0,0,0,0,0,0,0,0,0,0,1,0,0,0,0,0,0,1,2015,62.4,55.2,10,9.8,0.537142857142857
"982",0,0,0,0,0,0,0,0,0,0,0,1,0,0,0,0,1,0,0,2015,61.5,54.2,10,9.2,0.542857142857143
"983",0,0,0,0,0,0,0,0,0,0,0,1,1,0,0,0,0,0,0,2015,61.2,50.2,10,10.3,0.548571428571429
"984",0,0,0,0,0,0,0,0,0,0,0,1,0,0,1,0,0,0,0,2015,59.4,47.2,10,11.4,0.702857142857143
"985",0,0,0,0,0,0,0,0,0,0,0,1,0,0,0,1,0,0,0,2015,59.4,50.9,10,7,0.634285714285714
"986",0,0,0,0,0,0,0,0,0,0,0,1,0,1,0,0,0,0,0,2015,66.8,62,9.7,6.7,0.8
"987",0,0,0,0,0,0,0,0,0,0,0,1,0,0,0,0,0,1,0,2015,69.3,65.6,8.5,7.8,0.822857142857143
"988",0,0,0,0,0,0,0,0,0,0,0,1,0,0,0,0,0,0,1,2015,70.5,68.3,4.1,15.5,0.777142857142857
"989",0,0,0,0,0,0,0,0,0,0,1,0,0,0,0,0,1,0,0,2015,59.7,55.3,8.1,21.4,0.828571428571429
"990",0,0,0,0,0,0,0,0,0,0,1,0,1,0,0,0,0,0,0,2015,56,53.3,4.1,22.5,0.914285714285714
"991",0,0,0,0,0,0,0,0,0,0,1,0,0,0,1,0,0,0,0,2015,55.5,50.4,7.9,22.1,0.628571428571429
"992",0,0,0,0,0,0,0,0,0,0,1,0,0,0,0,1,0,0,0,2015,56.2,46.7,10,19.2,0.662857142857143
"993",0,0,0,0,0,0,0,0,0,0,1,0,0,1,0,0,0,0,0,2015,58.6,52.1,10,17.1,0.662857142857143
"994",0,0,0,0,0,0,0,0,0,0,1,0,0,0,0,0,0,1,0,2015,59.4,51.7,10,10.5,0.88
"995",0,0,0,0,0,0,0,0,0,0,1,0,0,0,0,0,0,0,1,2015,57,50.5,10,5.4,0.777142857142857
"996",0,0,0,0,0,0,0,0,0,0,1,0,0,0,0,0,1,0,0,2015,59.8,51.9,10,8.2,0.845714285714286
"997",0,0,0,0,0,0,0,0,0,0,1,0,1,0,0,0,0,0,0,2015,58.9,52.7,9.8,10.9,0.834285714285714
"998",0,0,0,0,0,0,0,0,0,0,1,0,0,0,1,0,0,0,0,2015,59.2,49.2,9,13.1,0.765714285714286
"999",0,0,0,0,0,0,0,0,0,0,1,0,0,0,0,1,0,0,0,2015,56,46.7,10,8.1,0.662857142857143
"1000",0,0,0,0,0,0,0,0,0,0,1,0,0,1,0,0,0,0,0,2015,60.2,55.1,9.7,7.6,0.462857142857143
"1001",0,0,0,0,0,0,0,0,0,0,1,0,0,0,0,0,0,1,0,2015,64.4,61.2,6.5,8.3,0.771428571428571
"1002",0,0,0,0,0,0,0,0,0,0,1,0,0,0,0,0,0,0,1,2015,63.8,57.7,9,11.2,0.737142857142857
"1003",0,0,0,0,0,0,0,0,0,0,1,0,0,0,0,0,1,0,0,2015,57.1,42,10,10.4,0.771428571428571
"1004",0,0,0,0,0,0,0,0,0,0,1,0,1,0,0,0,0,0,0,2015,60.1,47.3,9.8,11.7,0.805714285714286
"1005",0,0,0,0,0,0,0,0,0,0,1,0,0,0,1,0,0,0,0,2015,52.7,39.6,10,8.2,0.634285714285714
"1006",0,0,0,0,0,0,0,0,0,0,1,0,0,0,0,1,0,0,0,2015,46.1,28,10,13.7,0.611428571428571
"1007",0,0,0,0,0,0,0,0,0,0,1,0,0,1,0,0,0,0,0,2015,42.8,24.8,10,12.6,0.794285714285714
"1008",0,0,0,0,0,0,0,0,0,0,1,0,0,0,0,0,0,1,0,2015,58.2,45.6,9.7,21.3,0.805714285714286
"1009",0,0,0,0,0,0,0,0,0,0,1,0,0,0,0,0,0,0,1,2015,62.7,52.4,9.9,8.7,0.8
"1010",0,0,0,0,0,0,0,0,0,0,1,0,0,0,0,0,1,0,0,2015,60.5,55.7,8.8,9.7,0.72
"1011",0,0,0,0,0,0,0,0,0,0,1,0,1,0,0,0,0,0,0,2015,56.2,43,10,15.4,0.988571428571429
"1012",0,0,0,0,0,0,0,0,0,0,1,0,0,0,1,0,0,0,0,2015,51.5,38.3,10,9.4,0.68
"1013",0,0,0,0,0,0,0,0,0,0,1,0,0,0,0,1,0,0,0,2015,57,51.7,9.7,6.9,0.577142857142857
"1014",0,0,0,0,0,0,0,0,0,0,1,0,0,1,0,0,0,0,0,2015,52.3,39.8,10,12.9,0.76
"1015",0,0,0,0,0,0,0,0,0,0,1,0,0,0,0,0,0,1,0,2015,46.7,36.2,10,5.9,0.697142857142857
"1016",0,0,0,0,0,0,0,0,0,0,1,0,0,0,0,0,0,0,1,2015,53.8,46.9,9.3,13.2,0.834285714285714
"1017",0,0,0,0,0,0,0,0,0,0,1,0,0,0,0,0,1,0,0,2015,63.2,60.9,3.5,17.6,0.817142857142857
"1018",0,0,0,0,0,0,0,0,0,0,1,0,1,0,0,0,0,0,0,2015,57.4,41.6,10,11.1,0.794285714285714
"1019",0,0,0,0,0,0,0,0,0,0,1,0,0,0,1,0,0,0,0,2015,48.9,37.4,10,5.7,0.48
"1020",0,0,0,0,0,0,0,0,0,1,0,0,0,1,0,0,0,0,0,2015,58.3,49.4,9.5,7.8,0.662857142857143
"1021",0,0,0,0,0,0,0,0,0,1,0,0,0,0,0,0,0,1,0,2015,54.4,50.7,8.2,6.4,0.742857142857143
"1022",0,0,0,0,0,0,0,0,0,1,0,0,0,0,0,0,0,0,1,2015,57,49.3,9.7,7.4,0.72
"1023",0,0,0,0,0,0,0,0,0,1,0,0,0,0,0,0,1,0,0,2015,58.9,55.9,9.1,7.6,0.851428571428571
"1024",0,0,0,0,0,0,0,0,0,1,0,0,1,0,0,0,0,0,0,2015,62.3,60.4,4.3,11.3,0.777142857142857
"1025",0,0,0,0,0,0,0,0,0,1,0,0,0,0,1,0,0,0,0,2015,61.4,54.7,6.9,10.9,0.685714285714286
"1026",0,0,0,0,0,0,0,0,0,1,0,0,0,0,0,1,0,0,0,2015,53.2,35.5,10,11,0.537142857142857
"1027",0,0,0,0,0,0,0,0,0,1,0,0,0,1,0,0,0,0,0,2015,51.4,37.7,10,7.9,0.668571428571429
"1028",0,0,0,0,0,0,0,0,0,1,0,0,0,0,0,0,0,1,0,2015,55.8,50.8,9.3,7.9,0.851428571428571
"1029",0,0,0,0,0,0,0,0,0,1,0,0,0,0,0,0,0,0,1,2015,56.1,53.7,4,20.5,0.657142857142857
"1030",0,0,0,0,0,0,0,0,0,1,0,0,0,0,0,0,1,0,0,2015,52.5,49,7.3,11.5,0.691428571428571
"1031",0,0,0,0,0,0,0,0,0,1,0,0,1,0,0,0,0,0,0,2015,58.3,47.5,9.8,16.9,0.805714285714286
"1032",0,0,0,0,0,0,0,0,0,1,0,0,0,0,1,0,0,0,0,2015,49,29,10,18.7,0.845714285714286
"1033",0,0,0,0,0,0,0,0,0,1,0,0,0,0,0,1,0,0,0,2015,47.6,32.3,10,14.3,0.542857142857143
"1034",0,0,0,0,0,0,0,0,0,1,0,0,0,1,0,0,0,0,0,2015,54,41.2,10,8.3,0.674285714285714
"1035",0,0,0,0,0,0,0,0,0,1,0,0,0,0,0,0,0,1,0,2015,45.3,31.2,10,11.9,0.737142857142857
"1036",0,0,0,0,0,0,0,0,0,1,0,0,0,0,0,0,0,0,1,2015,42.9,33.8,10,3.2,0.822857142857143
"1037",0,0,0,0,0,0,0,0,0,1,0,0,0,0,0,0,1,0,0,2015,50.4,43.6,10,11.8,0.914285714285714
"1038",0,0,0,0,0,0,0,0,0,1,0,0,1,0,0,0,0,0,0,2015,57,52.8,7.2,13.6,0.931428571428571
"1039",0,0,0,0,0,0,0,0,0,1,0,0,0,0,1,0,0,0,0,2015,48.8,34.7,10,14.3,0.674285714285714
"1040",0,0,0,0,0,0,0,0,0,1,0,0,0,0,0,1,0,0,0,2015,50.1,45.5,8.1,6.6,0.491428571428571
"1041",0,0,0,0,0,0,0,0,0,1,0,0,0,1,0,0,0,0,0,2015,45.2,35.2,8.5,17.4,0.737142857142857
"1042",0,0,0,0,0,0,0,0,0,1,0,0,0,0,0,0,0,1,0,2015,37.5,17,10,11.7,0.794285714285714
"1043",0,0,0,0,0,0,0,0,0,1,0,0,0,0,0,0,0,0,1,2015,39.6,26.8,10,4.3,0.708571428571429
"1044",0,0,0,0,0,0,0,0,0,1,0,0,1,0,0,0,0,0,0,2015,52.6,48.4,9.8,7.5,0.48
"1045",0,0,0,0,0,0,0,0,0,1,0,0,0,0,1,0,0,0,0,2015,54.5,50.4,9.1,9.4,0.468571428571429
"1046",0,0,0,0,0,0,0,0,0,1,0,0,0,0,0,1,0,0,0,2015,46.1,38.8,9.6,9.4,0.508571428571429
"1047",0,0,0,0,0,0,0,0,0,1,0,0,0,1,0,0,0,0,0,2015,40.5,26.7,10,11.3,0.68
"1048",0,0,1,0,0,0,0,0,0,0,0,0,0,0,0,0,0,1,0,2015,40.1,32.7,9.3,7.9,0.76
"1049",0,0,1,0,0,0,0,0,0,0,0,0,0,0,0,0,0,0,1,2015,53.6,51.9,2.3,9.1,0.674285714285714
"1050",0,0,1,0,0,0,0,0,0,0,0,0,0,0,0,0,1,0,0,2015,53.5,47.1,6.4,13,0.777142857142857
"1051",0,0,1,0,0,0,0,0,0,0,0,0,1,0,0,0,0,0,0,2015,45.6,32,10,10.9,0.908571428571429
"1052",0,0,1,0,0,0,0,0,0,0,0,0,0,0,1,0,0,0,0,2015,45.6,34,10,6.1,0.851428571428571
"1053",0,0,1,0,0,0,0,0,0,0,0,0,0,0,0,1,0,0,0,2015,45.4,40.9,8.5,6.2,0.514285714285714
"1054",0,0,1,0,0,0,0,0,0,0,0,0,0,1,0,0,0,0,0,2015,50.8,45.5,8,9.2,0.737142857142857
"1055",0,0,1,0,0,0,0,0,0,0,0,0,0,0,0,0,0,1,0,2015,47.4,42.3,7.8,11.3,0.742857142857143
"1056",0,0,1,0,0,0,0,0,0,0,0,0,0,0,0,0,0,0,1,2015,43.7,32.9,10,8.7,0.725714285714286
"1057",0,0,1,0,0,0,0,0,0,0,0,0,0,0,0,0,1,0,0,2015,51.1,46.4,9,9.3,0.771428571428571
"1058",0,0,1,0,0,0,0,0,0,0,0,0,1,0,0,0,0,0,0,2015,52.2,50,6.1,5.8,0.891428571428571
"1059",0,0,1,0,0,0,0,0,0,0,0,0,0,0,1,0,0,0,0,2015,55,46.1,8.1,9.8,0.674285714285714
"1060",0,0,1,0,0,0,0,0,0,0,0,0,0,0,0,1,0,0,0,2015,53.6,46.9,8.1,7.5,0.725714285714286
"1061",0,0,1,0,0,0,0,0,0,0,0,0,0,1,0,0,0,0,0,2015,52.6,48.2,6.7,7.9,0.628571428571429
"1062",0,0,1,0,0,0,0,0,0,0,0,0,0,0,0,0,0,1,0,2015,58,51.5,5.9,15,0.96
"1063",0,0,1,0,0,0,0,0,0,0,0,0,0,0,0,0,0,0,1,2015,46.5,35.5,10,12.3,0.754285714285714
"1064",0,0,1,0,0,0,0,0,0,0,0,0,0,0,0,0,1,0,0,2015,48.9,43.7,8.8,9.7,0.862857142857143
"1065",0,0,1,0,0,0,0,0,0,0,0,0,1,0,0,0,0,0,0,2015,54.2,52.4,2.4,11.3,0.765714285714286
"1066",0,0,1,0,0,0,0,0,0,0,0,0,0,0,1,0,0,0,0,2015,42.1,24.9,10,16.7,0.6
"1067",0,0,1,0,0,0,0,0,0,0,0,0,0,0,0,1,0,0,0,2015,38.5,19.5,10,14,0.508571428571429
"1068",0,0,1,0,0,0,0,0,0,0,0,0,0,1,0,0,0,0,0,2015,49.5,40.8,9.4,14.3,0.617142857142857
"1069",0,0,1,0,0,0,0,0,0,0,0,0,0,0,0,0,0,1,0,2015,54.8,52.1,4.4,11.3,0.622857142857143
"1070",0,0,1,0,0,0,0,0,0,0,0,0,0,0,0,0,0,0,1,2015,53.5,51.2,3.9,8.3,0.754285714285714
"1071",0,0,1,0,0,0,0,0,0,0,0,0,0,0,0,0,1,0,0,2015,57.7,55.8,2.1,15.6,0.497142857142857
"1072",0,0,1,0,0,0,0,0,0,0,0,0,0,0,1,0,0,0,0,2015,51.4,42.3,8.9,11.3,0.445714285714286
"1073",0,0,1,0,0,0,0,0,0,0,0,0,0,0,0,1,0,0,0,2015,52.9,49,4.5,13.1,0.6
"1074",0,0,1,0,0,0,0,0,0,0,0,0,0,1,0,0,0,0,0,2015,40.9,30,9.3,18.5,0.491428571428571
"1075",0,0,1,0,0,0,0,0,0,0,0,0,0,0,0,0,0,1,0,2015,42.8,35.9,6.1,15.6,0.628571428571429
"1076",0,0,1,0,0,0,0,0,0,0,0,0,0,0,0,0,0,0,1,2015,44.8,40.6,9.4,8.8,0.662857142857143
"1077",0,0,1,0,0,0,0,0,0,0,0,0,0,0,0,0,1,0,0,2015,46.5,41.8,9.5,11,0.514285714285714
